Assay_Accessibility	Assay_H3K27ac	Assembly	Audit ERROR_Accessibility	Audit ERROR_H3K27ac	Audit INTERNAL_ACTION_Accessibility	Audit INTERNAL_ACTION_H3K27ac	Audit NOT_COMPLIANT_Accessibility	Audit NOT_COMPLIANT_H3K27ac	Audit WARNING_Accessibility	Audit WARNING_H3K27ac	Biological replicate(s)_Accessibility	Biological replicate(s)_H3K27ac	Biosample genetic modifications categories	Biosample genetic modifications gene targets	Biosample genetic modifications methods	Biosample genetic modifications site coordinates_Accessibility	Biosample genetic modifications site coordinates_H3K27ac	Biosample genetic modifications targets	Biosample genetic modifications zygosity_Accessibility	Biosample genetic modifications zygosity_H3K27ac	Biosample organism	Biosample term id	Biosample term name	Biosample treatments	Biosample treatments amount	Biosample treatments duration	Biosample type	Controlled by_Accessibility	Controlled by_H3K27ac	Derived from_Accessibility	Derived from_H3K27ac	Experiment accession_Accessibility	Experiment accession_H3K27ac	Experiment date released_Accessibility	Experiment date released_H3K27ac	Experiment target_Accessibility	Experiment target_H3K27ac	File Status	File accession_Accessibility	File accession_H3K27ac	File download URL_Accessibility	File download URL_H3K27ac	File format	File format type	File type	Genome annotation	Lab_Accessibility	Lab_H3K27ac	Library crosslinking method_Accessibility	Library crosslinking method_H3K27ac	Library depleted in_Accessibility	Library depleted in_H3K27ac	Library extraction method_Accessibility	Library extraction method_H3K27ac	Library fragmentation method_Accessibility	Library fragmentation method_H3K27ac	Library lysis method_Accessibility	Library lysis method_H3K27ac	Library made from	Library size range_Accessibility	Library size range_H3K27ac	Library strand specific_Accessibility	Library strand specific_H3K27ac	Mapped read length	Output type	Paired end_Accessibility	Paired end_H3K27ac	Paired with_Accessibility	Paired with_H3K27ac	Platform_Accessibility	Platform_H3K27ac	Project_Accessibility	Project_H3K27ac	RBNS protein concentration_Accessibility	RBNS protein concentration_H3K27ac	Read length_Accessibility	Read length_H3K27ac	Run type_Accessibility	Run type_H3K27ac	Size_Accessibility	Size_H3K27ac	Technical replicate_Accessibility	Technical replicate_H3K27ac	dbxrefs_Accessibility	dbxrefs_H3K27ac	md5sum_Accessibility	md5sum_H3K27ac	s3_uri_Accessibility	s3_uri_H3K27ac
DNase-seq	ChIP-seq	hg19	0.0	0.0	0.0	0.0	0.0	0.0	0.0	0.0	1	1	0.0	0.0	0.0	0.0	0.0	0.0	0.0	0.0	Homo sapiens	UBERON:0002369	adrenal gland	0.0	0.0	0.0	tissue	0.0	0.0	ENCFF241DIK	ENCFF317HYD, ENCFF429NJG, ENCFF807MUK	ENCSR597NVK	ENCSR847AIA	2017-10-01	2013-07-31	0.0	H3K27ac-human	released	ENCFF970LXV	ENCFF639QXV	https://www.encodeproject.org/files/ENCFF970LXV/@@download/ENCFF970LXV.bam	https://www.encodeproject.org/files/ENCFF639QXV/@@download/ENCFF639QXV.bam	bam	0.0	bam	0.0	ENCODE Processing Pipeline	ENCODE Processing Pipeline	0.0	0.0	0.0	0.0	0.0	0.0	0.0	0.0	0.0	0.0	DNA	0.0	0.0	0.0	0.0	36.0	alignments	0.0	0.0	0.0	0.0	0.0	0.0	ENCODE	Roadmap	0.0	0.0	0.0	0.0	paired-ended	single-ended	11047753505	788344338	0.0	0.0	0.0	0.0	32571ef419d4e18f77ce5fd88ecf5c47	1fb30c1b365b9d09d4e5b5485d662bcc	s3://encode-public/2017/09/19/591870b7-2a56-45b7-8708-b3d28f3a34b2/ENCFF970LXV.bam	s3://encode-public/2016/12/19/54495875-4440-4eaa-87e7-17804a5b7ae8/ENCFF639QXV.bam
DNase-seq	ChIP-seq	hg19	0.0	0.0	0.0	0.0	0.0	0.0	0.0	0.0	1	1	0.0	0.0	0.0	0.0	0.0	0.0	0.0	0.0	Homo sapiens	UBERON:0002108	small intestine	0.0	0.0	0.0	tissue	0.0	0.0	ENCFF880DMT	ENCFF807MUK, ENCFF910WPG	ENCSR188JLO	ENCSR454VRA	2013-07-31	2013-07-31	0.0	H3K27ac-human	released	ENCFF397LBU	ENCFF130IBQ	https://www.encodeproject.org/files/ENCFF397LBU/@@download/ENCFF397LBU.bam	https://www.encodeproject.org/files/ENCFF130IBQ/@@download/ENCFF130IBQ.bam	bam	0.0	bam	0.0	ENCODE Processing Pipeline	ENCODE Processing Pipeline	0.0	0.0	0.0	0.0	0.0	0.0	0.0	0.0	0.0	0.0	DNA	0.0	0.0	0.0	0.0	36.0	alignments	0.0	0.0	0.0	0.0	0.0	0.0	Roadmap	Roadmap	0.0	0.0	0.0	0.0	single-ended	single-ended	1897206516	1002348605	0.0	0.0	0.0	0.0	a9d85a6af620cb632371c7cd756ea418	74cfc31633df21ebc96a958d43ac09b6	s3://encode-public/2017/09/19/62a4e969-636f-4220-bee2-f4e8c59edf79/ENCFF397LBU.bam	s3://encode-public/2017/04/05/d20f2171-e360-4344-a043-8c7eb61ddfc9/ENCFF130IBQ.bam
DNase-seq	ChIP-seq	hg19	0.0	0.0	0.0	0.0	0.0	0.0	0.0	0.0	1	1	0.0	0.0	0.0	0.0	0.0	0.0	0.0	0.0	Homo sapiens	CL:0000062	osteoblast	0.0	0.0	0.0	primary cell	0.0	0.0	ENCFF266HWZ, ENCFF525DSP, ENCFF951YBC	ENCFF000CVS, ENCFF807MUK	ENCSR000ELJ	ENCSR000APH	2011-04-19	2011-02-10	0.0	H3K27ac-human	released	ENCFF933ZOD	ENCFF535AIK	https://www.encodeproject.org/files/ENCFF933ZOD/@@download/ENCFF933ZOD.bam	https://www.encodeproject.org/files/ENCFF535AIK/@@download/ENCFF535AIK.bam	bam	0.0	bam	0.0	ENCODE Processing Pipeline	ENCODE Processing Pipeline	0.0	0.0	0.0	0.0	0.0	0.0	0.0	0.0	0.0	0.0	DNA	0.0	0.0	0.0	0.0	36.0	alignments	0.0	0.0	0.0	0.0	0.0	0.0	ENCODE	ENCODE	0.0	0.0	0.0	0.0	single-ended	single-ended	4996998317	455401889	0.0	0.0	0.0	0.0	9e35adf7d9a16e299a0ccba0de6377ca	c130ebb784a241c841f266548aa9aafe	s3://encode-public/2017/10/06/228e856d-7d71-4b9d-abcc-1f7638ecea81/ENCFF933ZOD.bam	s3://encode-public/2017/04/04/9a0b01df-d5ba-4ea5-af8a-0ba413d667da/ENCFF535AIK.bam
DNase-seq	ChIP-seq	hg19	0.0	0.0	0.0	0.0	0.0	0.0	0.0	0.0	1	1	0.0	0.0	0.0	0.0	0.0	0.0	0.0	0.0	Homo sapiens	EFO:0005719	Karpas-422	0.0	0.0	0.0	cell line	0.0	0.0	ENCFF889ZST	ENCFF002BES, ENCFF807MUK	ENCSR019JDO	ENCSR660IQS	2015-11-05	2014-07-11	0.0	H3K27ac-human	released	ENCFF409IVR	ENCFF119ZDZ	https://www.encodeproject.org/files/ENCFF409IVR/@@download/ENCFF409IVR.bam	https://www.encodeproject.org/files/ENCFF119ZDZ/@@download/ENCFF119ZDZ.bam	bam	0.0	bam	0.0	ENCODE Processing Pipeline	ENCODE Processing Pipeline	0.0	0.0	0.0	0.0	0.0	0.0	0.0	0.0	0.0	0.0	DNA	0.0	0.0	0.0	0.0	36.0	alignments	0.0	0.0	0.0	0.0	0.0	0.0	ENCODE	ENCODE	0.0	0.0	0.0	0.0	paired-ended	single-ended	16957716293	1217110716	0.0	0.0	0.0	0.0	4e4ba514da71eb36b7fb83ce11c52305	12d53cf93a660bbcee5660ba7c61859c	s3://encode-public/2017/09/19/382bc0cd-29e8-41b2-a090-f22feaebdbc9/ENCFF409IVR.bam	s3://encode-public/2016/11/15/299b3c0f-a6ce-4e72-be4e-c20ddba0bf5c/ENCFF119ZDZ.bam
DNase-seq	ChIP-seq	hg19	0.0	0.0	0.0	0.0	0.0	0.0	0.0	0.0	2	1	0.0	0.0	0.0	0.0	0.0	0.0	0.0	0.0	Homo sapiens	EFO:0005719	Karpas-422	0.0	0.0	0.0	cell line	0.0	0.0	ENCFF844SDA	ENCFF002BES, ENCFF807MUK	ENCSR019JDO	ENCSR660IQS	2015-11-05	2014-07-11	0.0	H3K27ac-human	released	ENCFF129BYR	ENCFF119ZDZ	https://www.encodeproject.org/files/ENCFF129BYR/@@download/ENCFF129BYR.bam	https://www.encodeproject.org/files/ENCFF119ZDZ/@@download/ENCFF119ZDZ.bam	bam	0.0	bam	0.0	ENCODE Processing Pipeline	ENCODE Processing Pipeline	0.0	0.0	0.0	0.0	0.0	0.0	0.0	0.0	0.0	0.0	DNA	0.0	0.0	0.0	0.0	36.0	alignments	0.0	0.0	0.0	0.0	0.0	0.0	ENCODE	ENCODE	0.0	0.0	0.0	0.0	paired-ended	single-ended	8013500159	1217110716	0.0	0.0	0.0	0.0	9f2e4582183c8fb80120904d626e376b	12d53cf93a660bbcee5660ba7c61859c	s3://encode-public/2017/09/19/7743a53c-0c70-4e57-8d4e-8c2ead8b2a99/ENCFF129BYR.bam	s3://encode-public/2016/11/15/299b3c0f-a6ce-4e72-be4e-c20ddba0bf5c/ENCFF119ZDZ.bam
DNase-seq	ChIP-seq	hg19	0.0	0.0	0.0	0.0	0.0	0.0	0.0	0.0	1	1	0.0	0.0	0.0	0.0	0.0	0.0	0.0	0.0	Homo sapiens	UBERON:0001987	placenta	0.0	0.0	0.0	tissue	0.0	0.0	ENCFF551BNW	ENCFF493XWO, ENCFF807MUK, ENCFF907YMF	ENCSR575VMI	ENCSR498ZRC	2016-05-09	2013-07-31	0.0	H3K27ac-human	released	ENCFF769FMU	ENCFF191ITJ	https://www.encodeproject.org/files/ENCFF769FMU/@@download/ENCFF769FMU.bam	https://www.encodeproject.org/files/ENCFF191ITJ/@@download/ENCFF191ITJ.bam	bam	0.0	bam	0.0	ENCODE Processing Pipeline	ENCODE Processing Pipeline	0.0	0.0	0.0	0.0	0.0	0.0	0.0	0.0	0.0	0.0	DNA	0.0	0.0	0.0	0.0	36.0	alignments	0.0	0.0	0.0	0.0	0.0	0.0	ENCODE	Roadmap	0.0	0.0	0.0	0.0	paired-ended	single-ended	7741799501	851520974	0.0	0.0	0.0	0.0	c4f336690f6411ee5e9fcd1d5fef31b1	f50730eb707f85ffd3a36c7334fdea94	s3://encode-public/2017/10/08/80bd3faf-21ab-4e5e-bd67-e98fd7396038/ENCFF769FMU.bam	s3://encode-public/2016/12/19/ed80bdda-3c0e-409d-bdb7-60780d6ffd95/ENCFF191ITJ.bam
DNase-seq	ChIP-seq	hg19	0.0	0.0	0.0	0.0	0.0	0.0	0.0	0.0	2	1	0.0	0.0	0.0	0.0	0.0	0.0	0.0	0.0	Homo sapiens	UBERON:0001987	placenta	0.0	0.0	0.0	tissue	0.0	0.0	ENCFF809DHL	ENCFF493XWO, ENCFF807MUK, ENCFF907YMF	ENCSR575VMI	ENCSR498ZRC	2016-05-09	2013-07-31	0.0	H3K27ac-human	released	ENCFF200VKT	ENCFF191ITJ	https://www.encodeproject.org/files/ENCFF200VKT/@@download/ENCFF200VKT.bam	https://www.encodeproject.org/files/ENCFF191ITJ/@@download/ENCFF191ITJ.bam	bam	0.0	bam	0.0	ENCODE Processing Pipeline	ENCODE Processing Pipeline	0.0	0.0	0.0	0.0	0.0	0.0	0.0	0.0	0.0	0.0	DNA	0.0	0.0	0.0	0.0	36.0	alignments	0.0	0.0	0.0	0.0	0.0	0.0	ENCODE	Roadmap	0.0	0.0	0.0	0.0	paired-ended	single-ended	6138552923	851520974	0.0	0.0	0.0	0.0	034ce6944b1f3048f3f9a2944360635e	f50730eb707f85ffd3a36c7334fdea94	s3://encode-public/2017/10/08/fdcb9372-bb65-403f-9c09-fcb44ef1f491/ENCFF200VKT.bam	s3://encode-public/2016/12/19/ed80bdda-3c0e-409d-bdb7-60780d6ffd95/ENCFF191ITJ.bam
DNase-seq	ChIP-seq	hg19	0.0	0.0	0.0	0.0	0.0	0.0	0.0	0.0	1	1	0.0	0.0	0.0	0.0	0.0	0.0	0.0	0.0	Homo sapiens	UBERON:0000945	stomach	0.0	0.0	0.0	tissue	0.0	0.0	ENCFF138LGZ	ENCFF061QOM, ENCFF358COO, ENCFF807MUK	ENCSR246PXX	ENCSR743DDX	2013-07-31	2013-07-31	0.0	H3K27ac-human	released	ENCFF086ZJO	ENCFF386QCT	https://www.encodeproject.org/files/ENCFF086ZJO/@@download/ENCFF086ZJO.bam	https://www.encodeproject.org/files/ENCFF386QCT/@@download/ENCFF386QCT.bam	bam	0.0	bam	0.0	ENCODE Processing Pipeline	ENCODE Processing Pipeline	0.0	0.0	0.0	0.0	0.0	0.0	0.0	0.0	0.0	0.0	DNA	0.0	0.0	0.0	0.0	36.0	alignments	0.0	0.0	0.0	0.0	0.0	0.0	Roadmap	Roadmap	0.0	0.0	0.0	0.0	single-ended	single-ended	2250351410	1052581598	0.0	0.0	0.0	0.0	1e8a164964ee05b48d8a7cd3d028184c	ac9e7605f17aaa4e94e2d0f7f3732676	s3://encode-public/2017/09/19/06a1803e-a8a9-4f60-93c7-87b1a623d662/ENCFF086ZJO.bam	s3://encode-public/2016/12/19/5b1a60ed-3a19-404a-ac18-078ec4257f04/ENCFF386QCT.bam
DNase-seq	ChIP-seq	hg19	0.0	0.0	0.0	0.0	0.0	0.0	0.0	0.0	2	1	0.0	0.0	0.0	0.0	0.0	0.0	0.0	0.0	Homo sapiens	UBERON:0000945	stomach	0.0	0.0	0.0	tissue	0.0	0.0	ENCFF982MNF	ENCFF061QOM, ENCFF358COO, ENCFF807MUK	ENCSR095GWE	ENCSR743DDX	2016-09-22	2013-07-31	0.0	H3K27ac-human	released	ENCFF127RJK	ENCFF386QCT	https://www.encodeproject.org/files/ENCFF127RJK/@@download/ENCFF127RJK.bam	https://www.encodeproject.org/files/ENCFF386QCT/@@download/ENCFF386QCT.bam	bam	0.0	bam	0.0	ENCODE Processing Pipeline	ENCODE Processing Pipeline	0.0	0.0	0.0	0.0	0.0	0.0	0.0	0.0	0.0	0.0	DNA	0.0	0.0	0.0	0.0	36.0	alignments	0.0	0.0	0.0	0.0	0.0	0.0	ENCODE	Roadmap	0.0	0.0	0.0	0.0	paired-ended	single-ended	16771766872	1052581598	0.0	0.0	0.0	0.0	8af25c1264ab2d24acea7429fdb993b5	ac9e7605f17aaa4e94e2d0f7f3732676	s3://encode-public/2017/09/10/7877e817-8e1e-4e00-b536-40236258671e/ENCFF127RJK.bam	s3://encode-public/2016/12/19/5b1a60ed-3a19-404a-ac18-078ec4257f04/ENCFF386QCT.bam
DNase-seq	ChIP-seq	hg19	0.0	0.0	0.0	0.0	0.0	0.0	0.0	0.0	1	1	0.0	0.0	0.0	0.0	0.0	0.0	0.0	0.0	Homo sapiens	CL:0000127	astrocyte	0.0	0.0	0.0	primary cell	0.0	0.0	ENCFF252GUK	ENCFF000CHK, ENCFF807MUK	ENCSR000EPM	ENCSR000AOQ	2010-12-16	2011-02-10	0.0	H3K27ac-human	released	ENCFF540LTJ	ENCFF100JEN	https://www.encodeproject.org/files/ENCFF540LTJ/@@download/ENCFF540LTJ.bam	https://www.encodeproject.org/files/ENCFF100JEN/@@download/ENCFF100JEN.bam	bam	0.0	bam	0.0	ENCODE Processing Pipeline	ENCODE Processing Pipeline	0.0	0.0	0.0	0.0	0.0	0.0	0.0	0.0	0.0	0.0	DNA	0.0	0.0	0.0	0.0	36.0	alignments	0.0	0.0	0.0	0.0	0.0	0.0	ENCODE	ENCODE	0.0	0.0	0.0	0.0	single-ended	single-ended	8981386692	377212899	0.0	0.0	0.0	0.0	ad6bd8433cc7aa97e64b52acb36597fd	bafed1e6e0997b7ea88d80f13a15d681	s3://encode-public/2017/09/06/47bff012-e58b-4d44-b2a7-d2755d88c555/ENCFF540LTJ.bam	s3://encode-public/2017/04/06/09300cdf-3f12-42c2-833e-530b08f5fc21/ENCFF100JEN.bam
DNase-seq	ChIP-seq	hg19	0.0	0.0	0.0	0.0	0.0	0.0	0.0	0.0	2	1	0.0	0.0	0.0	0.0	0.0	0.0	0.0	0.0	Homo sapiens	CL:0000127	astrocyte	0.0	0.0	0.0	primary cell	0.0	0.0	ENCFF641TMI	ENCFF000CHK, ENCFF807MUK	ENCSR000EPM	ENCSR000AOQ	2010-12-16	2011-02-10	0.0	H3K27ac-human	released	ENCFF393ESE	ENCFF100JEN	https://www.encodeproject.org/files/ENCFF393ESE/@@download/ENCFF393ESE.bam	https://www.encodeproject.org/files/ENCFF100JEN/@@download/ENCFF100JEN.bam	bam	0.0	bam	0.0	ENCODE Processing Pipeline	ENCODE Processing Pipeline	0.0	0.0	0.0	0.0	0.0	0.0	0.0	0.0	0.0	0.0	DNA	0.0	0.0	0.0	0.0	36.0	alignments	0.0	0.0	0.0	0.0	0.0	0.0	ENCODE	ENCODE	0.0	0.0	0.0	0.0	single-ended	single-ended	1075618203	377212899	0.0	0.0	0.0	0.0	40c6f3c1031b5a967f27a03c542cf996	bafed1e6e0997b7ea88d80f13a15d681	s3://encode-public/2017/09/06/234f6295-67ee-4891-bf8c-db231c34eece/ENCFF393ESE.bam	s3://encode-public/2017/04/06/09300cdf-3f12-42c2-833e-530b08f5fc21/ENCFF100JEN.bam
DNase-seq	ChIP-seq	hg19	0.0	0.0	0.0	0.0	0.0	0.0	0.0	0.0	1	2	0.0	0.0	0.0	0.0	0.0	0.0	0.0	0.0	Homo sapiens	CL:0001054	CD14-positive monocyte	0.0	0.0	0.0	primary cell	0.0	0.0	ENCFF079HLL, ENCFF303BRT	ENCFF000CEO, ENCFF807MUK	ENCSR452DCM	ENCSR000ASJ	2013-07-31	2012-08-06	0.0	H3K27ac-human	released	ENCFF074KIH	ENCFF615XCI	https://www.encodeproject.org/files/ENCFF074KIH/@@download/ENCFF074KIH.bam	https://www.encodeproject.org/files/ENCFF615XCI/@@download/ENCFF615XCI.bam	bam	0.0	bam	0.0	ENCODE Processing Pipeline	ENCODE Processing Pipeline	0.0	0.0	0.0	0.0	0.0	0.0	0.0	0.0	0.0	0.0	DNA	0.0	0.0	0.0	0.0	36.0	alignments	0.0	0.0	0.0	0.0	0.0	0.0	Roadmap	ENCODE	0.0	0.0	0.0	0.0	paired-ended	single-ended	18956562762	825167107	0.0	0.0	0.0	0.0	b284abb15e79c33e93309ba21d474fdf	5115a07dfe962cc3cae08cf7b262f058	s3://encode-public/2017/12/03/77b27811-e52b-41fc-b78c-b61c424718bf/ENCFF074KIH.bam	s3://encode-public/2017/04/12/30cc2428-55b3-4c8d-bbef-9fba0e3774b8/ENCFF615XCI.bam
DNase-seq	ChIP-seq	hg19	0.0	0.0	0.0	0.0	0.0	0.0	0.0	0.0	2	2	0.0	0.0	0.0	0.0	0.0	0.0	0.0	0.0	Homo sapiens	CL:0001054	CD14-positive monocyte	0.0	0.0	0.0	primary cell	0.0	0.0	ENCFF757YRW	ENCFF000CEO, ENCFF807MUK	ENCSR000EPK	ENCSR000ASJ	2011-10-19	2012-08-06	0.0	H3K27ac-human	released	ENCFF227VKS	ENCFF615XCI	https://www.encodeproject.org/files/ENCFF227VKS/@@download/ENCFF227VKS.bam	https://www.encodeproject.org/files/ENCFF615XCI/@@download/ENCFF615XCI.bam	bam	0.0	bam	0.0	ENCODE Processing Pipeline	ENCODE Processing Pipeline	0.0	0.0	0.0	0.0	0.0	0.0	0.0	0.0	0.0	0.0	DNA	0.0	0.0	0.0	0.0	36.0	alignments	0.0	0.0	0.0	0.0	0.0	0.0	ENCODE	ENCODE	0.0	0.0	0.0	0.0	single-ended	single-ended	3024288178	825167107	0.0	0.0	0.0	0.0	7c1bca90ee832eb026e195004229ed87	5115a07dfe962cc3cae08cf7b262f058	s3://encode-public/2017/09/27/9da374d5-cc02-4f75-9957-41c5c1abd29d/ENCFF227VKS.bam	s3://encode-public/2017/04/12/30cc2428-55b3-4c8d-bbef-9fba0e3774b8/ENCFF615XCI.bam
DNase-seq	ChIP-seq	hg19	0.0	0.0	0.0	0.0	0.0	0.0	0.0	0.0	1	2	0.0	0.0	0.0	0.0	0.0	0.0	0.0	0.0	Homo sapiens	EFO:0002713	Panc1	0.0	0.0	0.0	cell line	0.0	0.0	ENCFF241WRU	ENCFF000VJH, ENCFF807MUK	ENCSR000EPT	ENCSR000EXK	2010-12-16	2011-10-07	0.0	H3K27ac-human	released	ENCFF556JGQ	ENCFF125NMY	https://www.encodeproject.org/files/ENCFF556JGQ/@@download/ENCFF556JGQ.bam	https://www.encodeproject.org/files/ENCFF125NMY/@@download/ENCFF125NMY.bam	bam	0.0	bam	0.0	ENCODE Processing Pipeline	ENCODE Processing Pipeline	0.0	0.0	0.0	0.0	0.0	0.0	0.0	0.0	0.0	0.0	DNA	0.0	0.0	0.0	0.0	36.0	alignments	0.0	0.0	0.0	0.0	0.0	0.0	ENCODE	ENCODE	0.0	0.0	0.0	0.0	single-ended	single-ended	1223287732	779645094	0.0	0.0	0.0	0.0	75da1d7abd59fec74bc0af8de5ce9071	b41e087ad06ae82449d2107b125eec98	s3://encode-public/2017/09/05/daf7bec3-b2db-47b0-ad11-d58b8ca7beec/ENCFF556JGQ.bam	s3://encode-public/2017/04/04/4dc3459e-134f-4b4f-b100-ff60c3e1d71c/ENCFF125NMY.bam
DNase-seq	ChIP-seq	hg19	0.0	0.0	0.0	0.0	0.0	0.0	0.0	0.0	2	2	0.0	0.0	0.0	0.0	0.0	0.0	0.0	0.0	Homo sapiens	EFO:0002713	Panc1	0.0	0.0	0.0	cell line	0.0	0.0	ENCFF317NXQ	ENCFF000VJH, ENCFF807MUK	ENCSR000EPT	ENCSR000EXK	2010-12-16	2011-10-07	0.0	H3K27ac-human	released	ENCFF042NYM	ENCFF125NMY	https://www.encodeproject.org/files/ENCFF042NYM/@@download/ENCFF042NYM.bam	https://www.encodeproject.org/files/ENCFF125NMY/@@download/ENCFF125NMY.bam	bam	0.0	bam	0.0	ENCODE Processing Pipeline	ENCODE Processing Pipeline	0.0	0.0	0.0	0.0	0.0	0.0	0.0	0.0	0.0	0.0	DNA	0.0	0.0	0.0	0.0	36.0	alignments	0.0	0.0	0.0	0.0	0.0	0.0	ENCODE	ENCODE	0.0	0.0	0.0	0.0	single-ended	single-ended	1266596834	779645094	0.0	0.0	0.0	0.0	39e8b3c7f1c1af908b50a2dfa2b76d7b	b41e087ad06ae82449d2107b125eec98	s3://encode-public/2017/09/05/2b585a40-32cd-4b28-9637-a7275c422910/ENCFF042NYM.bam	s3://encode-public/2017/04/04/4dc3459e-134f-4b4f-b100-ff60c3e1d71c/ENCFF125NMY.bam
DNase-seq	ChIP-seq	hg19	0.0	0.0	0.0	0.0	0.0	0.0	0.0	0.0	2	1	0.0	0.0	0.0	0.0	0.0	0.0	0.0	0.0	Homo sapiens	UBERON:0002048	lung	0.0	0.0	0.0	tissue	0.0	0.0	ENCFF480KUT	ENCFF807MUK, ENCFF991PYU	ENCSR582IPV	ENCSR540ADS	2016-09-22	2013-07-31	0.0	H3K27ac-human	released	ENCFF020GHN	ENCFF885JWN	https://www.encodeproject.org/files/ENCFF020GHN/@@download/ENCFF020GHN.bam	https://www.encodeproject.org/files/ENCFF885JWN/@@download/ENCFF885JWN.bam	bam	0.0	bam	0.0	ENCODE Processing Pipeline	ENCODE Processing Pipeline	0.0	0.0	0.0	0.0	0.0	0.0	0.0	0.0	0.0	0.0	DNA	0.0	0.0	0.0	0.0	36.0	alignments	0.0	0.0	0.0	0.0	0.0	0.0	ENCODE	Roadmap	0.0	0.0	0.0	0.0	single-ended	single-ended	15268452799	1169296637	0.0	0.0	0.0	0.0	53ecf9b3e98cfa1c6e6853080fe909ab	2acf41a37634c3d789ed1fcc294ad08d	s3://encode-public/2017/09/08/5c526aa2-92dd-4d4a-ade3-2faecad99273/ENCFF020GHN.bam	s3://encode-public/2016/12/19/f443b1d4-67c7-473e-88f0-a7679fd17afd/ENCFF885JWN.bam
DNase-seq	ChIP-seq	hg19	0.0	0.0	0.0	0.0	0.0	0.0	0.0	0.0	1	1	0.0	0.0	0.0	0.0	0.0	0.0	0.0	0.0	Homo sapiens	UBERON:0002048	lung	0.0	0.0	0.0	tissue	0.0	0.0	ENCFF623FUP, ENCFF823LVS	ENCFF807MUK, ENCFF991PYU	ENCSR582IPV	ENCSR540ADS	2016-09-22	2013-07-31	0.0	H3K27ac-human	released	ENCFF658ZEV	ENCFF885JWN	https://www.encodeproject.org/files/ENCFF658ZEV/@@download/ENCFF658ZEV.bam	https://www.encodeproject.org/files/ENCFF885JWN/@@download/ENCFF885JWN.bam	bam	0.0	bam	0.0	ENCODE Processing Pipeline	ENCODE Processing Pipeline	0.0	0.0	0.0	0.0	0.0	0.0	0.0	0.0	0.0	0.0	DNA	0.0	0.0	0.0	0.0	36.0	alignments	0.0	0.0	0.0	0.0	0.0	0.0	ENCODE	Roadmap	0.0	0.0	0.0	0.0	single-ended	single-ended	2540100370	1169296637	0.0	0.0	0.0	0.0	a5c4d2c7ac9b4fa1a36fc0a7aa0e269b	2acf41a37634c3d789ed1fcc294ad08d	s3://encode-public/2017/09/08/9c50ee41-50d0-4365-a0c8-7606d5e712f7/ENCFF658ZEV.bam	s3://encode-public/2016/12/19/f443b1d4-67c7-473e-88f0-a7679fd17afd/ENCFF885JWN.bam
DNase-seq	ChIP-seq	hg19	0.0	0.0	0.0	0.0	0.0	0.0	0.0	0.0	1	1	0.0	0.0	0.0	0.0	0.0	0.0	0.0	0.0	Homo sapiens	CL:0002618	endothelial cell of umbilical vein	0.0	0.0	0.0	primary cell	0.0	0.0	ENCFF595OJI	ENCFF000BSI, ENCFF807MUK	ENCSR000EOQ	ENCSR000ALB	2011-05-04	2011-02-10	0.0	H3K27ac-human	released	ENCFF818BFC	ENCFF977XML	https://www.encodeproject.org/files/ENCFF818BFC/@@download/ENCFF818BFC.bam	https://www.encodeproject.org/files/ENCFF977XML/@@download/ENCFF977XML.bam	bam	0.0	bam	0.0	ENCODE Processing Pipeline	ENCODE Processing Pipeline	0.0	0.0	0.0	0.0	0.0	0.0	0.0	0.0	0.0	0.0	DNA	0.0	0.0	0.0	0.0	36.0	alignments	0.0	0.0	0.0	0.0	0.0	0.0	ENCODE	ENCODE	0.0	0.0	0.0	0.0	single-ended	single-ended	20504884266	374511486	0.0	0.0	0.0	0.0	d1847312b05016dd99caca26f26a11c1	cb3e30f7dca6e958bdc367f3cc303f8e	s3://encode-public/2018/05/07/5f061f19-4aba-40df-89b1-687e7676b7b3/ENCFF818BFC.bam	s3://encode-public/2017/04/04/828dc05d-1479-4346-a159-82feb488c465/ENCFF977XML.bam
DNase-seq	ChIP-seq	hg19	0.0	0.0	0.0	0.0	0.0	0.0	0.0	0.0	2	1	0.0	0.0	0.0	0.0	0.0	0.0	0.0	0.0	Homo sapiens	CL:0002618	endothelial cell of umbilical vein	0.0	0.0	0.0	primary cell	0.0	0.0	ENCFF848DIM	ENCFF000BSI, ENCFF807MUK	ENCSR000EOQ	ENCSR000ALB	2011-05-04	2011-02-10	0.0	H3K27ac-human	released	ENCFF757PTA	ENCFF977XML	https://www.encodeproject.org/files/ENCFF757PTA/@@download/ENCFF757PTA.bam	https://www.encodeproject.org/files/ENCFF977XML/@@download/ENCFF977XML.bam	bam	0.0	bam	0.0	ENCODE Processing Pipeline	ENCODE Processing Pipeline	0.0	0.0	0.0	0.0	0.0	0.0	0.0	0.0	0.0	0.0	DNA	0.0	0.0	0.0	0.0	36.0	alignments	0.0	0.0	0.0	0.0	0.0	0.0	ENCODE	ENCODE	0.0	0.0	0.0	0.0	single-ended	single-ended	1702535693	374511486	0.0	0.0	0.0	0.0	c749f44a50f2f4599bb508339ab193c5	cb3e30f7dca6e958bdc367f3cc303f8e	s3://encode-public/2018/05/07/b73db909-97d3-444d-bdb0-1f55469cc86b/ENCFF757PTA.bam	s3://encode-public/2017/04/04/828dc05d-1479-4346-a159-82feb488c465/ENCFF977XML.bam
DNase-seq	ChIP-seq	hg19	0.0	0.0	0.0	0.0	0.0	0.0	0.0	0.0	1	1	0.0	0.0	0.0	0.0	0.0	0.0	0.0	0.0	Homo sapiens	CL:0001059	common myeloid progenitor, CD34-positive	0.0	0.0	0.0	primary cell	0.0	0.0	ENCFF301QHE	ENCFF641LUF, ENCFF668OEU, ENCFF807MUK, ENCFF904CSC	ENCSR281HBB	ENCSR891KSP	2013-07-31	2013-07-31	0.0	H3K27ac-human	released	ENCFF549MOI	ENCFF335LRI	https://www.encodeproject.org/files/ENCFF549MOI/@@download/ENCFF549MOI.bam	https://www.encodeproject.org/files/ENCFF335LRI/@@download/ENCFF335LRI.bam	bam	0.0	bam	0.0	ENCODE Processing Pipeline	ENCODE Processing Pipeline	0.0	0.0	0.0	0.0	0.0	0.0	0.0	0.0	0.0	0.0	DNA	0.0	0.0	0.0	0.0	36.0	alignments	0.0	0.0	0.0	0.0	0.0	0.0	Roadmap	Roadmap	0.0	0.0	0.0	0.0	single-ended	single-ended	1688237641	414936919	0.0	0.0	0.0	0.0	940e0d8ad5a6da6a0ea58e190f7512f5	193fe0177fd1be206e79d140863f9a36	s3://encode-public/2017/09/19/8954ff7c-4aec-4bf8-bbb7-f9079eb7b09f/ENCFF549MOI.bam	s3://encode-public/2016/12/19/01e50ede-d9fd-47e8-977e-4ca72a131896/ENCFF335LRI.bam
DNase-seq	ChIP-seq	hg19	0.0	0.0	0.0	0.0	0.0	0.0	0.0	0.0	2	1	0.0	0.0	0.0	0.0	0.0	0.0	0.0	0.0	Homo sapiens	CL:0001059	common myeloid progenitor, CD34-positive	0.0	0.0	0.0	primary cell	0.0	0.0	ENCFF098LMK, ENCFF915HIR	ENCFF641LUF, ENCFF668OEU, ENCFF807MUK, ENCFF904CSC	ENCSR122VUW	ENCSR891KSP	2013-07-31	2013-07-31	0.0	H3K27ac-human	released	ENCFF182BVE	ENCFF335LRI	https://www.encodeproject.org/files/ENCFF182BVE/@@download/ENCFF182BVE.bam	https://www.encodeproject.org/files/ENCFF335LRI/@@download/ENCFF335LRI.bam	bam	0.0	bam	0.0	ENCODE Processing Pipeline	ENCODE Processing Pipeline	0.0	0.0	0.0	0.0	0.0	0.0	0.0	0.0	0.0	0.0	DNA	0.0	0.0	0.0	0.0	36.0	alignments	0.0	0.0	0.0	0.0	0.0	0.0	Roadmap	Roadmap	0.0	0.0	0.0	0.0	single-ended	single-ended	2544868946	414936919	0.0	0.0	0.0	0.0	9efa4d8a9dddf4e777a7a50a0a6e4a76	193fe0177fd1be206e79d140863f9a36	s3://encode-public/2017/10/05/a6926e1a-b858-43ef-800c-b07e028a8d44/ENCFF182BVE.bam	s3://encode-public/2016/12/19/01e50ede-d9fd-47e8-977e-4ca72a131896/ENCFF335LRI.bam
DNase-seq	ChIP-seq	hg19	0.0	0.0	0.0	0.0	0.0	0.0	0.0	0.0	1	2	0.0	0.0	0.0	0.0	0.0	0.0	0.0	0.0	Homo sapiens	CL:0002327	mammary epithelial cell	0.0	0.0	0.0	primary cell	0.0	0.0	ENCFF171WKG	ENCFF000BIM, ENCFF807MUK	ENCSR000ENV	ENCSR000ALW	2010-12-16	2011-02-10	0.0	H3K27ac-human	released	ENCFF603EHL	ENCFF807VEH	https://www.encodeproject.org/files/ENCFF603EHL/@@download/ENCFF603EHL.bam	https://www.encodeproject.org/files/ENCFF807VEH/@@download/ENCFF807VEH.bam	bam	0.0	bam	0.0	ENCODE Processing Pipeline	ENCODE Processing Pipeline	0.0	0.0	0.0	0.0	0.0	0.0	0.0	0.0	0.0	0.0	DNA	0.0	0.0	0.0	0.0	36.0	alignments	0.0	0.0	0.0	0.0	0.0	0.0	ENCODE	ENCODE	0.0	0.0	0.0	0.0	single-ended	single-ended	1939036304	348753883	0.0	0.0	0.0	0.0	1d3d113290c58e2776c9e44c5574ff95	90a15012ec403ef9b7c8463e2d818dde	s3://encode-public/2017/09/06/c92dcb8f-402a-4a63-aa12-334db4b2386e/ENCFF603EHL.bam	s3://encode-public/2017/04/06/ae92e593-d61a-4cb7-a6ef-6bdce14188cf/ENCFF807VEH.bam
DNase-seq	ChIP-seq	hg19	0.0	0.0	0.0	0.0	0.0	0.0	0.0	0.0	2	2	0.0	0.0	0.0	0.0	0.0	0.0	0.0	0.0	Homo sapiens	CL:0002327	mammary epithelial cell	0.0	0.0	0.0	primary cell	0.0	0.0	ENCFF543VDH	ENCFF000BIM, ENCFF807MUK	ENCSR000ENV	ENCSR000ALW	2010-12-16	2011-02-10	0.0	H3K27ac-human	released	ENCFF833RVB	ENCFF807VEH	https://www.encodeproject.org/files/ENCFF833RVB/@@download/ENCFF833RVB.bam	https://www.encodeproject.org/files/ENCFF807VEH/@@download/ENCFF807VEH.bam	bam	0.0	bam	0.0	ENCODE Processing Pipeline	ENCODE Processing Pipeline	0.0	0.0	0.0	0.0	0.0	0.0	0.0	0.0	0.0	0.0	DNA	0.0	0.0	0.0	0.0	36.0	alignments	0.0	0.0	0.0	0.0	0.0	0.0	ENCODE	ENCODE	0.0	0.0	0.0	0.0	single-ended	single-ended	1584229948	348753883	0.0	0.0	0.0	0.0	3ed96fc3263f924ff3ff7b8815c3c6c2	90a15012ec403ef9b7c8463e2d818dde	s3://encode-public/2017/09/06/9deca93e-258f-4662-bdaf-db76bb1a863c/ENCFF833RVB.bam	s3://encode-public/2017/04/06/ae92e593-d61a-4cb7-a6ef-6bdce14188cf/ENCFF807VEH.bam
DNase-seq	ChIP-seq	hg19	0.0	0.0	0.0	0.0	0.0	0.0	0.0	0.0	1	1	0.0	0.0	0.0	0.0	0.0	0.0	0.0	0.0	Homo sapiens	UBERON:0002080	heart right ventricle	0.0	0.0	0.0	tissue	0.0	0.0	ENCFF837KUH	ENCFF004BQX, ENCFF807MUK	ENCSR746RDJ	ENCSR928HSI	2017-10-02	2013-07-31	0.0	H3K27ac-human	released	ENCFF566BGJ	ENCFF757FUA	https://www.encodeproject.org/files/ENCFF566BGJ/@@download/ENCFF566BGJ.bam	https://www.encodeproject.org/files/ENCFF757FUA/@@download/ENCFF757FUA.bam	bam	0.0	bam	0.0	ENCODE Processing Pipeline	ENCODE Processing Pipeline	0.0	0.0	0.0	0.0	0.0	0.0	0.0	0.0	0.0	0.0	DNA	0.0	0.0	0.0	0.0	36.0	alignments	0.0	0.0	0.0	0.0	0.0	0.0	ENCODE	Roadmap	0.0	0.0	0.0	0.0	paired-ended	single-ended	8784767232	377863571	0.0	0.0	0.0	0.0	21de4971b68348a4ac06d15a082dffce	633c73de185d2515ca9340b977445f4d	s3://encode-public/2017/09/19/0cad0aae-6606-4d86-b427-97750788cf2f/ENCFF566BGJ.bam	s3://encode-public/2017/05/10/ed2caf0a-461a-4828-80d2-fcc3eeb11f31/ENCFF757FUA.bam
DNase-seq	ChIP-seq	hg19	0.0	0.0	0.0	0.0	0.0	0.0	0.0	0.0	2	1	0.0	0.0	0.0	0.0	0.0	0.0	0.0	0.0	Homo sapiens	UBERON:0002080	heart right ventricle	0.0	0.0	0.0	tissue	0.0	0.0	ENCFF429STS	ENCFF004BQX, ENCFF807MUK	ENCSR746RDJ	ENCSR928HSI	2017-10-02	2013-07-31	0.0	H3K27ac-human	released	ENCFF519UYK	ENCFF757FUA	https://www.encodeproject.org/files/ENCFF519UYK/@@download/ENCFF519UYK.bam	https://www.encodeproject.org/files/ENCFF757FUA/@@download/ENCFF757FUA.bam	bam	0.0	bam	0.0	ENCODE Processing Pipeline	ENCODE Processing Pipeline	0.0	0.0	0.0	0.0	0.0	0.0	0.0	0.0	0.0	0.0	DNA	0.0	0.0	0.0	0.0	36.0	alignments	0.0	0.0	0.0	0.0	0.0	0.0	ENCODE	Roadmap	0.0	0.0	0.0	0.0	paired-ended	single-ended	5560758110	377863571	0.0	0.0	0.0	0.0	7ddea28e52e24f2d4e8b56a7901305e2	633c73de185d2515ca9340b977445f4d	s3://encode-public/2017/09/19/21fa1953-b115-4573-8819-1787b2d23d89/ENCFF519UYK.bam	s3://encode-public/2017/05/10/ed2caf0a-461a-4828-80d2-fcc3eeb11f31/ENCFF757FUA.bam
DNase-seq	ChIP-seq	hg19	0.0	0.0	0.0	0.0	0.0	0.0	0.0	0.0	1	1	0.0	0.0	0.0	0.0	0.0	0.0	0.0	0.0	Homo sapiens	EFO:0006270	AG04450	0.0	0.0	0.0	cell line	0.0	0.0	ENCFF288CUH	ENCFF001END, ENCFF001ENE, ENCFF807MUK	ENCSR000ELY	ENCSR000DPL	2011-05-04	2012-07-24	0.0	H3K27ac-human	released	ENCFF172LZS	ENCFF047GDD	https://www.encodeproject.org/files/ENCFF172LZS/@@download/ENCFF172LZS.bam	https://www.encodeproject.org/files/ENCFF047GDD/@@download/ENCFF047GDD.bam	bam	0.0	bam	0.0	ENCODE Processing Pipeline	ENCODE Processing Pipeline	0.0	0.0	0.0	0.0	0.0	0.0	0.0	0.0	0.0	0.0	DNA	0.0	0.0	0.0	0.0	36.0	alignments	0.0	0.0	0.0	0.0	0.0	0.0	ENCODE	ENCODE	0.0	0.0	0.0	0.0	single-ended	single-ended	1196865704	555660410	0.0	0.0	0.0	0.0	357825a59d9b94bc1db4504547802c43	d0e01c309f23561758c9563fd5aab166	s3://encode-public/2017/09/05/e1c53d88-6aaa-453e-87c5-683635459b8b/ENCFF172LZS.bam	s3://encode-public/2017/04/04/c428e235-4c9c-429c-ae15-1d67bc4c9586/ENCFF047GDD.bam
DNase-seq	ChIP-seq	hg19	0.0	0.0	0.0	0.0	0.0	0.0	0.0	0.0	2	1	0.0	0.0	0.0	0.0	0.0	0.0	0.0	0.0	Homo sapiens	EFO:0006270	AG04450	0.0	0.0	0.0	cell line	0.0	0.0	ENCFF803OXM	ENCFF001END, ENCFF001ENE, ENCFF807MUK	ENCSR000ELY	ENCSR000DPL	2011-05-04	2012-07-24	0.0	H3K27ac-human	released	ENCFF138GZP	ENCFF047GDD	https://www.encodeproject.org/files/ENCFF138GZP/@@download/ENCFF138GZP.bam	https://www.encodeproject.org/files/ENCFF047GDD/@@download/ENCFF047GDD.bam	bam	0.0	bam	0.0	ENCODE Processing Pipeline	ENCODE Processing Pipeline	0.0	0.0	0.0	0.0	0.0	0.0	0.0	0.0	0.0	0.0	DNA	0.0	0.0	0.0	0.0	36.0	alignments	0.0	0.0	0.0	0.0	0.0	0.0	ENCODE	ENCODE	0.0	0.0	0.0	0.0	single-ended	single-ended	1565214263	555660410	0.0	0.0	0.0	0.0	6dc8f927a6833f667554992b2b5f3aae	d0e01c309f23561758c9563fd5aab166	s3://encode-public/2017/09/05/57dbd953-a663-43d0-a36e-09924183b854/ENCFF138GZP.bam	s3://encode-public/2017/04/04/c428e235-4c9c-429c-ae15-1d67bc4c9586/ENCFF047GDD.bam
DNase-seq	ChIP-seq	hg19	0.0	0.0	0.0	0.0	0.0	0.0	0.0	0.0	1	2	0.0	0.0	0.0	0.0	0.0	0.0	0.0	0.0	Homo sapiens	CL:0002553	fibroblast of lung	0.0	0.0	0.0	primary cell	0.0	0.0	ENCFF493ENJ	ENCFF000CRS, ENCFF807MUK	ENCSR000EPR	ENCSR000AMR	2010-12-16	2011-02-10	0.0	H3K27ac-human	released	ENCFF312WPD	ENCFF377BNX	https://www.encodeproject.org/files/ENCFF312WPD/@@download/ENCFF312WPD.bam	https://www.encodeproject.org/files/ENCFF377BNX/@@download/ENCFF377BNX.bam	bam	0.0	bam	0.0	ENCODE Processing Pipeline	ENCODE Processing Pipeline	0.0	0.0	0.0	0.0	0.0	0.0	0.0	0.0	0.0	0.0	DNA	0.0	0.0	0.0	0.0	36.0	alignments	0.0	0.0	0.0	0.0	0.0	0.0	ENCODE	ENCODE	0.0	0.0	0.0	0.0	single-ended	single-ended	13512523802	348207907	0.0	0.0	0.0	0.0	3aedfdcb1948f33b812f311c36739e3a	860b273a4d7c2a5dfe520d66e394f9c8	s3://encode-public/2018/05/07/07f56888-9423-4d56-b1e4-3dbc5c5b8ce7/ENCFF312WPD.bam	s3://encode-public/2017/10/26/d129216f-bdce-45a1-92b3-18d3107b0e37/ENCFF377BNX.bam
DNase-seq	ChIP-seq	hg19	0.0	0.0	0.0	0.0	0.0	0.0	0.0	0.0	2	2	0.0	0.0	0.0	0.0	0.0	0.0	0.0	0.0	Homo sapiens	CL:0002553	fibroblast of lung	0.0	0.0	0.0	primary cell	0.0	0.0	ENCFF319BBD	ENCFF000CRS, ENCFF807MUK	ENCSR000EPR	ENCSR000AMR	2010-12-16	2011-02-10	0.0	H3K27ac-human	released	ENCFF937ITN	ENCFF377BNX	https://www.encodeproject.org/files/ENCFF937ITN/@@download/ENCFF937ITN.bam	https://www.encodeproject.org/files/ENCFF377BNX/@@download/ENCFF377BNX.bam	bam	0.0	bam	0.0	ENCODE Processing Pipeline	ENCODE Processing Pipeline	0.0	0.0	0.0	0.0	0.0	0.0	0.0	0.0	0.0	0.0	DNA	0.0	0.0	0.0	0.0	36.0	alignments	0.0	0.0	0.0	0.0	0.0	0.0	ENCODE	ENCODE	0.0	0.0	0.0	0.0	single-ended	single-ended	1413436411	348207907	0.0	0.0	0.0	0.0	3961823b186f2a0ae625d0ab7f6e9c30	860b273a4d7c2a5dfe520d66e394f9c8	s3://encode-public/2018/05/07/3a065fba-6bdf-408d-be86-00679672bcdb/ENCFF937ITN.bam	s3://encode-public/2017/10/26/d129216f-bdce-45a1-92b3-18d3107b0e37/ENCFF377BNX.bam
DNase-seq	ChIP-seq	hg19	0.0	0.0	0.0	0.0	0.0	0.0	0.0	0.0	1	1	0.0	0.0	0.0	0.0	0.0	0.0	0.0	0.0	Homo sapiens	UBERON:0008450	psoas muscle	0.0	0.0	0.0	tissue	0.0	0.0	ENCFF376ABG	ENCFF590MND, ENCFF807MUK	ENCSR000ELO	ENCSR250NHD	2012-08-28	2013-07-31	0.0	H3K27ac-human	released	ENCFF502LIU	ENCFF239PAA	https://www.encodeproject.org/files/ENCFF502LIU/@@download/ENCFF502LIU.bam	https://www.encodeproject.org/files/ENCFF239PAA/@@download/ENCFF239PAA.bam	bam	0.0	bam	0.0	ENCODE Processing Pipeline	ENCODE Processing Pipeline	0.0	0.0	0.0	0.0	0.0	0.0	0.0	0.0	0.0	0.0	DNA	0.0	0.0	0.0	0.0	50.0	alignments	0.0	0.0	0.0	0.0	0.0	0.0	ENCODE	Roadmap	0.0	0.0	0.0	0.0	single-ended	single-ended	5743383681	385706877	0.0	0.0	0.0	0.0	1fe245eadcb93de1cc54f19849787722	344058d90136099c059b738001e1ef20	s3://encode-public/2017/09/28/ee90d106-1e8b-4308-9ef6-677f93cc7245/ENCFF502LIU.bam	s3://encode-public/2017/03/16/43f0032b-d1e7-457b-8f4f-a9201a6bc0ee/ENCFF239PAA.bam
DNase-seq	ChIP-seq	hg19	0.0	0.0	0.0	0.0	0.0	0.0	0.0	0.0	2	1	0.0	0.0	0.0	0.0	0.0	0.0	0.0	0.0	Homo sapiens	UBERON:0008450	psoas muscle	0.0	0.0	0.0	tissue	0.0	0.0	ENCFF618ECA	ENCFF590MND, ENCFF807MUK	ENCSR000ELO	ENCSR250NHD	2012-08-28	2013-07-31	0.0	H3K27ac-human	released	ENCFF612IRW	ENCFF239PAA	https://www.encodeproject.org/files/ENCFF612IRW/@@download/ENCFF612IRW.bam	https://www.encodeproject.org/files/ENCFF239PAA/@@download/ENCFF239PAA.bam	bam	0.0	bam	0.0	ENCODE Processing Pipeline	ENCODE Processing Pipeline	0.0	0.0	0.0	0.0	0.0	0.0	0.0	0.0	0.0	0.0	DNA	0.0	0.0	0.0	0.0	50.0	alignments	0.0	0.0	0.0	0.0	0.0	0.0	ENCODE	Roadmap	0.0	0.0	0.0	0.0	single-ended	single-ended	4881519170	385706877	0.0	0.0	0.0	0.0	7a37558a95cbebe32cb9a5814820a449	344058d90136099c059b738001e1ef20	s3://encode-public/2017/09/28/36c5177e-b94a-49a9-89f0-4ed4cdbac8b1/ENCFF612IRW.bam	s3://encode-public/2017/03/16/43f0032b-d1e7-457b-8f4f-a9201a6bc0ee/ENCFF239PAA.bam
DNase-seq	ChIP-seq	hg19	0.0	0.0	0.0	0.0	0.0	0.0	0.0	0.0	1	1	0.0	0.0	0.0	0.0	0.0	0.0	0.0	0.0	Homo sapiens	EFO:0007096	iPS DF 19.11	0.0	0.0	0.0	cell line	0.0	0.0	ENCFF793HZT	ENCFF093XFY, ENCFF539GZC, ENCFF807MUK	ENCSR383SNM	ENCSR505OPZ	2013-07-31	2013-07-31	0.0	H3K27ac-human	released	ENCFF052FAL	ENCFF637QJT	https://www.encodeproject.org/files/ENCFF052FAL/@@download/ENCFF052FAL.bam	https://www.encodeproject.org/files/ENCFF637QJT/@@download/ENCFF637QJT.bam	bam	0.0	bam	0.0	ENCODE Processing Pipeline	ENCODE Processing Pipeline	0.0	0.0	0.0	0.0	0.0	0.0	0.0	0.0	0.0	0.0	DNA	0.0	0.0	0.0	0.0	36.0	alignments	0.0	0.0	0.0	0.0	0.0	0.0	Roadmap	Roadmap	0.0	0.0	0.0	0.0	single-ended	single-ended	10206671414	3073751394	0.0	0.0	0.0	0.0	f1e90466262cb18c40fa8f0e305430fc	209b02591a1ab8c72434cf1a0c3f2891	s3://encode-public/2017/09/19/401564ae-33d9-42fb-90c2-fd59c630d311/ENCFF052FAL.bam	s3://encode-public/2016/12/19/05a21d70-0512-4de3-ac26-09a8f6b3e318/ENCFF637QJT.bam
DNase-seq	ChIP-seq	hg19	0.0	0.0	0.0	0.0	0.0	0.0	0.0	0.0	1	1	0.0	0.0	0.0	0.0	0.0	0.0	0.0	0.0	Homo sapiens	CL:0000236	B cell	0.0	0.0	0.0	primary cell	0.0	0.0	ENCFF931KLL	ENCFF807MUK, ENCFF861JPC, ENCFF995OBQ	ENCSR891VOV	ENCSR191ZQT	2013-07-31	2013-07-31	0.0	H3K27ac-human	released	ENCFF469VSO	ENCFF895XUG	https://www.encodeproject.org/files/ENCFF469VSO/@@download/ENCFF469VSO.bam	https://www.encodeproject.org/files/ENCFF895XUG/@@download/ENCFF895XUG.bam	bam	0.0	bam	0.0	ENCODE Processing Pipeline	ENCODE Processing Pipeline	0.0	0.0	0.0	0.0	0.0	0.0	0.0	0.0	0.0	0.0	DNA	0.0	0.0	0.0	0.0	36.0	alignments	0.0	0.0	0.0	0.0	0.0	0.0	Roadmap	Roadmap	0.0	0.0	0.0	0.0	single-ended	single-ended	1077347860	889297045	0.0	0.0	0.0	0.0	7d041566ad16b692c0b9f6b1e10bc408	089ae9fd2477e8319cd9a5e62f645751	s3://encode-public/2017/09/19/b5001927-f0f4-4c0e-913c-80539858a2fe/ENCFF469VSO.bam	s3://encode-public/2016/12/19/555e6450-8131-4e6d-aa2e-e1c9dd7ea926/ENCFF895XUG.bam
DNase-seq	ChIP-seq	hg19	0.0	0.0	0.0	0.0	0.0	0.0	0.0	0.0	2	1	0.0	0.0	0.0	0.0	0.0	0.0	0.0	0.0	Homo sapiens	CL:0000236	B cell	0.0	0.0	0.0	primary cell	0.0	0.0	ENCFF413KZU	ENCFF807MUK, ENCFF861JPC, ENCFF995OBQ	ENCSR000EMJ	ENCSR191ZQT	2011-10-19	2013-07-31	0.0	H3K27ac-human	released	ENCFF552WWJ	ENCFF895XUG	https://www.encodeproject.org/files/ENCFF552WWJ/@@download/ENCFF552WWJ.bam	https://www.encodeproject.org/files/ENCFF895XUG/@@download/ENCFF895XUG.bam	bam	0.0	bam	0.0	ENCODE Processing Pipeline	ENCODE Processing Pipeline	0.0	0.0	0.0	0.0	0.0	0.0	0.0	0.0	0.0	0.0	DNA	0.0	0.0	0.0	0.0	36.0	alignments	0.0	0.0	0.0	0.0	0.0	0.0	ENCODE	Roadmap	0.0	0.0	0.0	0.0	single-ended	single-ended	1458232851	889297045	0.0	0.0	0.0	0.0	cf4fbb7e0c6a0fbf6781e38af0736d18	089ae9fd2477e8319cd9a5e62f645751	s3://encode-public/2018/05/07/1064058c-5cd6-40b2-86ec-3d6d64f4be44/ENCFF552WWJ.bam	s3://encode-public/2016/12/19/555e6450-8131-4e6d-aa2e-e1c9dd7ea926/ENCFF895XUG.bam
DNase-seq	ChIP-seq	hg19	0.0	0.0	0.0	0.0	0.0	0.0	0.0	0.0	1	1	0.0	0.0	0.0	0.0	0.0	0.0	0.0	0.0	Homo sapiens	CL:0002551	fibroblast of dermis	0.0	0.0	0.0	primary cell	0.0	0.0	ENCFF119FKG	ENCFF000CKG, ENCFF807MUK	ENCSR000EPO	ENCSR000APN	2010-12-14	2011-02-10	0.0	H3K27ac-human	released	ENCFF625NFJ	ENCFF688WGV	https://www.encodeproject.org/files/ENCFF625NFJ/@@download/ENCFF625NFJ.bam	https://www.encodeproject.org/files/ENCFF688WGV/@@download/ENCFF688WGV.bam	bam	0.0	bam	0.0	ENCODE Processing Pipeline	ENCODE Processing Pipeline	0.0	0.0	0.0	0.0	0.0	0.0	0.0	0.0	0.0	0.0	DNA	0.0	0.0	0.0	0.0	36.0	alignments	0.0	0.0	0.0	0.0	0.0	0.0	ENCODE	ENCODE	0.0	0.0	0.0	0.0	single-ended	single-ended	9303602602	353196161	0.0	0.0	0.0	0.0	874ac39359ba235f0d264626f0796fa2	34a5510956f55f529873e90881999be3	s3://encode-public/2017/09/06/ab6b720d-c2b0-424a-8e2f-ff4d935e9efb/ENCFF625NFJ.bam	s3://encode-public/2017/04/04/5269f21d-247d-4fef-8909-05db4e83b0c9/ENCFF688WGV.bam
DNase-seq	ChIP-seq	hg19	0.0	0.0	0.0	0.0	0.0	0.0	0.0	0.0	2	1	0.0	0.0	0.0	0.0	0.0	0.0	0.0	0.0	Homo sapiens	CL:0002551	fibroblast of dermis	0.0	0.0	0.0	primary cell	0.0	0.0	ENCFF292FET	ENCFF000CKG, ENCFF807MUK	ENCSR000EPO	ENCSR000APN	2010-12-14	2011-02-10	0.0	H3K27ac-human	released	ENCFF610BZR	ENCFF688WGV	https://www.encodeproject.org/files/ENCFF610BZR/@@download/ENCFF610BZR.bam	https://www.encodeproject.org/files/ENCFF688WGV/@@download/ENCFF688WGV.bam	bam	0.0	bam	0.0	ENCODE Processing Pipeline	ENCODE Processing Pipeline	0.0	0.0	0.0	0.0	0.0	0.0	0.0	0.0	0.0	0.0	DNA	0.0	0.0	0.0	0.0	36.0	alignments	0.0	0.0	0.0	0.0	0.0	0.0	ENCODE	ENCODE	0.0	0.0	0.0	0.0	single-ended	single-ended	1830533674	353196161	0.0	0.0	0.0	0.0	2b93c3e3b6023f7e886ca6d9c278a4a3	34a5510956f55f529873e90881999be3	s3://encode-public/2017/09/06/3cff86a8-3f34-448a-aaf2-390389ba3a41/ENCFF610BZR.bam	s3://encode-public/2017/04/04/5269f21d-247d-4fef-8909-05db4e83b0c9/ENCFF688WGV.bam
DNase-seq	ChIP-seq	hg19	0.0	0.0	0.0	0.0	0.0	0.0	0.0	0.0	1	1	0.0	0.0	0.0	0.0	0.0	0.0	0.0	0.0	Homo sapiens	NTR:0000856	mesendoderm	0.0	0.0	0.0	in vitro differentiated cells	0.0	0.0	ENCFF007BWG, ENCFF940VYO	ENCFF807MUK, ENCFF826BHT	ENCSR714DIF	ENCSR473PNT	2013-07-31	2013-07-31	0.0	H3K27ac-human	released	ENCFF610NNF	ENCFF461HDD	https://www.encodeproject.org/files/ENCFF610NNF/@@download/ENCFF610NNF.bam	https://www.encodeproject.org/files/ENCFF461HDD/@@download/ENCFF461HDD.bam	bam	0.0	bam	0.0	ENCODE Processing Pipeline	ENCODE Processing Pipeline	0.0	0.0	0.0	0.0	0.0	0.0	0.0	0.0	0.0	0.0	DNA	0.0	0.0	0.0	0.0	36.0	alignments	0.0	0.0	0.0	0.0	0.0	0.0	Roadmap	Roadmap	0.0	0.0	0.0	0.0	single-ended	single-ended	12849140306	452971862	0.0	0.0	0.0	0.0	566780734ca69f9a834fe9a818379305	98e0a300cd96ef1ea9951964c72e04e0	s3://encode-public/2018/05/07/6a71b3f0-36e3-442c-b77f-105c5ed11bcc/ENCFF610NNF.bam	s3://encode-public/2016/12/19/e59bae85-2a39-4f50-999a-9a847f0e196c/ENCFF461HDD.bam
DNase-seq	ChIP-seq	hg19	0.0	0.0	0.0	0.0	0.0	0.0	0.0	0.0	1	1	0.0	0.0	0.0	0.0	0.0	0.0	0.0	0.0	Homo sapiens	UBERON:0002084	heart left ventricle	0.0	0.0	0.0	tissue	0.0	0.0	ENCFF825TUU	ENCFF807MUK, ENCFF966ALG	ENCSR070CMW	ENCSR150QXE	2017-10-01	2013-07-31	0.0	H3K27ac-human	released	ENCFF702IJE	ENCFF024NTE	https://www.encodeproject.org/files/ENCFF702IJE/@@download/ENCFF702IJE.bam	https://www.encodeproject.org/files/ENCFF024NTE/@@download/ENCFF024NTE.bam	bam	0.0	bam	0.0	ENCODE Processing Pipeline	ENCODE Processing Pipeline	0.0	0.0	0.0	0.0	0.0	0.0	0.0	0.0	0.0	0.0	DNA	0.0	0.0	0.0	0.0	36.0	alignments	0.0	0.0	0.0	0.0	0.0	0.0	ENCODE	Roadmap	0.0	0.0	0.0	0.0	paired-ended	single-ended	10343419089	340707705	0.0	0.0	0.0	0.0	efd335b9a4880310f3f46ca554c8c4e7	49fa9cecceed463f18cdb4710d540da5	s3://encode-public/2017/09/19/922adb08-e5ac-463e-b0a0-2b3199ca8ad5/ENCFF702IJE.bam	s3://encode-public/2016/12/19/098a24e8-6583-4a9d-aa3d-b81b1a971314/ENCFF024NTE.bam
DNase-seq	ChIP-seq	hg19	0.0	0.0	0.0	0.0	0.0	0.0	0.0	0.0	2	1	0.0	0.0	0.0	0.0	0.0	0.0	0.0	0.0	Homo sapiens	UBERON:0002084	heart left ventricle	0.0	0.0	0.0	tissue	0.0	0.0	ENCFF283RQC	ENCFF807MUK, ENCFF966ALG	ENCSR946DXB	ENCSR150QXE	2018-01-29	2013-07-31	0.0	H3K27ac-human	released	ENCFF870CEG	ENCFF024NTE	https://www.encodeproject.org/files/ENCFF870CEG/@@download/ENCFF870CEG.bam	https://www.encodeproject.org/files/ENCFF024NTE/@@download/ENCFF024NTE.bam	bam	0.0	bam	0.0	ENCODE Processing Pipeline	ENCODE Processing Pipeline	0.0	0.0	0.0	0.0	0.0	0.0	0.0	0.0	0.0	0.0	DNA	0.0	0.0	0.0	0.0	36.0	alignments	0.0	0.0	0.0	0.0	0.0	0.0	ENCODE	Roadmap	0.0	0.0	0.0	0.0	paired-ended	single-ended	4290759765	340707705	0.0	0.0	0.0	0.0	15a68468a21091dc9b1da90c48ebed99	49fa9cecceed463f18cdb4710d540da5	s3://encode-public/2017/09/10/17f37667-2217-431a-ad2b-53fc09498b30/ENCFF870CEG.bam	s3://encode-public/2016/12/19/098a24e8-6583-4a9d-aa3d-b81b1a971314/ENCFF024NTE.bam
DNase-seq	ChIP-seq	hg19	0.0	0.0	0.0	0.0	0.0	0.0	0.0	0.0	1	2	0.0	0.0	0.0	0.0	0.0	0.0	0.0	0.0	Homo sapiens	EFO:0002791	HeLa-S3	0.0	0.0	0.0	cell line	0.0	0.0	ENCFF773CJB	ENCFF000BBZ, ENCFF807MUK	ENCSR000ENO	ENCSR000AOC	2010-12-16	2011-02-10	0.0	H3K27ac-human	released	ENCFF783TMX	ENCFF093KYN	https://www.encodeproject.org/files/ENCFF783TMX/@@download/ENCFF783TMX.bam	https://www.encodeproject.org/files/ENCFF093KYN/@@download/ENCFF093KYN.bam	bam	0.0	bam	0.0	ENCODE Processing Pipeline	ENCODE Processing Pipeline	0.0	0.0	0.0	0.0	0.0	0.0	0.0	0.0	0.0	0.0	DNA	0.0	0.0	0.0	0.0	36.0	alignments	0.0	0.0	0.0	0.0	0.0	0.0	ENCODE	ENCODE	0.0	0.0	0.0	0.0	single-ended	single-ended	1632050443	740848191	0.0	0.0	0.0	0.0	749dc84dcad35dfde40177c42c442ac6	24fca31b0768b30e797a85099a6cc6e2	s3://encode-public/2017/09/05/5356540f-6694-448d-a715-76c19053d165/ENCFF783TMX.bam	s3://encode-public/2017/04/04/8cde623a-bb72-4719-b358-0921d11a90b8/ENCFF093KYN.bam
DNase-seq	ChIP-seq	hg19	0.0	0.0	0.0	0.0	0.0	0.0	0.0	0.0	2	2	0.0	0.0	0.0	0.0	0.0	0.0	0.0	0.0	Homo sapiens	EFO:0002791	HeLa-S3	0.0	0.0	0.0	cell line	0.0	0.0	ENCFF367BUZ	ENCFF000BBZ, ENCFF807MUK	ENCSR000ENO	ENCSR000AOC	2010-12-16	2011-02-10	0.0	H3K27ac-human	released	ENCFF461OFW	ENCFF093KYN	https://www.encodeproject.org/files/ENCFF461OFW/@@download/ENCFF461OFW.bam	https://www.encodeproject.org/files/ENCFF093KYN/@@download/ENCFF093KYN.bam	bam	0.0	bam	0.0	ENCODE Processing Pipeline	ENCODE Processing Pipeline	0.0	0.0	0.0	0.0	0.0	0.0	0.0	0.0	0.0	0.0	DNA	0.0	0.0	0.0	0.0	36.0	alignments	0.0	0.0	0.0	0.0	0.0	0.0	ENCODE	ENCODE	0.0	0.0	0.0	0.0	single-ended	single-ended	1431039677	740848191	0.0	0.0	0.0	0.0	09a4b7b2a0354ed1b05d70f985fca2ee	24fca31b0768b30e797a85099a6cc6e2	s3://encode-public/2017/09/05/0c0116e6-89ba-41e1-a1e0-c54feb15b722/ENCFF461OFW.bam	s3://encode-public/2017/04/04/8cde623a-bb72-4719-b358-0921d11a90b8/ENCFF093KYN.bam
DNase-seq	ChIP-seq	hg19	0.0	0.0	0.0	0.0	0.0	0.0	0.0	0.0	1	2	0.0	0.0	0.0	0.0	0.0	0.0	0.0	0.0	Homo sapiens	CL:0002372	myotube	0.0	0.0	0.0	in vitro differentiated cells	0.0	0.0	ENCFF718SNV	ENCFF000BOU, ENCFF807MUK	ENCSR000EOP	ENCSR000ANV	2011-10-19	2011-02-10	0.0	H3K27ac-human	released	ENCFF535CKI	ENCFF852BKE	https://www.encodeproject.org/files/ENCFF535CKI/@@download/ENCFF535CKI.bam	https://www.encodeproject.org/files/ENCFF852BKE/@@download/ENCFF852BKE.bam	bam	0.0	bam	0.0	ENCODE Processing Pipeline	ENCODE Processing Pipeline	0.0	0.0	0.0	0.0	0.0	0.0	0.0	0.0	0.0	0.0	DNA	0.0	0.0	0.0	0.0	36.0	alignments	0.0	0.0	0.0	0.0	0.0	0.0	ENCODE	ENCODE	0.0	0.0	0.0	0.0	single-ended	single-ended	1384593522	260022829	0.0	0.0	0.0	0.0	d6dc90f66dfcd7e08011ea3f7c76a0fc	f554397e4790ba21bafbca1687154984	s3://encode-public/2017/09/05/087b7643-3b80-413a-a4ab-57e13e34dc7b/ENCFF535CKI.bam	s3://encode-public/2017/04/04/fd2257ef-bbba-45be-85e3-7b986d3d1a8e/ENCFF852BKE.bam
DNase-seq	ChIP-seq	hg19	0.0	0.0	0.0	0.0	0.0	0.0	0.0	0.0	2	2	0.0	0.0	0.0	0.0	0.0	0.0	0.0	0.0	Homo sapiens	CL:0002372	myotube	0.0	0.0	0.0	in vitro differentiated cells	0.0	0.0	ENCFF645NVZ	ENCFF000BOU, ENCFF807MUK	ENCSR000EOP	ENCSR000ANV	2011-10-19	2011-02-10	0.0	H3K27ac-human	released	ENCFF080PCQ	ENCFF852BKE	https://www.encodeproject.org/files/ENCFF080PCQ/@@download/ENCFF080PCQ.bam	https://www.encodeproject.org/files/ENCFF852BKE/@@download/ENCFF852BKE.bam	bam	0.0	bam	0.0	ENCODE Processing Pipeline	ENCODE Processing Pipeline	0.0	0.0	0.0	0.0	0.0	0.0	0.0	0.0	0.0	0.0	DNA	0.0	0.0	0.0	0.0	36.0	alignments	0.0	0.0	0.0	0.0	0.0	0.0	ENCODE	ENCODE	0.0	0.0	0.0	0.0	single-ended	single-ended	1249141292	260022829	0.0	0.0	0.0	0.0	528a4466e4689e856f6b256e9c5fa94e	f554397e4790ba21bafbca1687154984	s3://encode-public/2017/09/05/58e306db-715b-46eb-a652-cecc8c470602/ENCFF080PCQ.bam	s3://encode-public/2017/04/04/fd2257ef-bbba-45be-85e3-7b986d3d1a8e/ENCFF852BKE.bam
DNase-seq	ChIP-seq	hg19	0.0	0.0	0.0	0.0	0.0	0.0	0.0	0.0	1	2	0.0	0.0	0.0	0.0	0.0	0.0	0.0	0.0	Homo sapiens	CL:0000312	keratinocyte	0.0	0.0	0.0	primary cell	0.0	0.0	ENCFF283NKN	ENCFF000CNL, ENCFF807MUK	ENCSR000EPQ	ENCSR000ALK	2011-05-04	2011-02-10	0.0	H3K27ac-human	released	ENCFF691SIL	ENCFF907JBE	https://www.encodeproject.org/files/ENCFF691SIL/@@download/ENCFF691SIL.bam	https://www.encodeproject.org/files/ENCFF907JBE/@@download/ENCFF907JBE.bam	bam	0.0	bam	0.0	ENCODE Processing Pipeline	ENCODE Processing Pipeline	0.0	0.0	0.0	0.0	0.0	0.0	0.0	0.0	0.0	0.0	DNA	0.0	0.0	0.0	0.0	36.0	alignments	0.0	0.0	0.0	0.0	0.0	0.0	ENCODE	ENCODE	0.0	0.0	0.0	0.0	single-ended	single-ended	1290407032	277117434	0.0	0.0	0.0	0.0	326280c3bc744039fbdad9ad10238628	49863b2984a4058e38f9dd5cb3abba07	s3://encode-public/2017/09/05/eabae112-ad17-4054-9165-5ab5fe75c346/ENCFF691SIL.bam	s3://encode-public/2017/04/04/73df0b87-5a58-4306-b5df-98dddeb50ae6/ENCFF907JBE.bam
DNase-seq	ChIP-seq	hg19	0.0	0.0	0.0	0.0	0.0	0.0	0.0	0.0	2	2	0.0	0.0	0.0	0.0	0.0	0.0	0.0	0.0	Homo sapiens	CL:0000312	keratinocyte	0.0	0.0	0.0	primary cell	0.0	0.0	ENCFF612SRN	ENCFF000CNL, ENCFF807MUK	ENCSR000EPQ	ENCSR000ALK	2011-05-04	2011-02-10	0.0	H3K27ac-human	released	ENCFF564HCA	ENCFF907JBE	https://www.encodeproject.org/files/ENCFF564HCA/@@download/ENCFF564HCA.bam	https://www.encodeproject.org/files/ENCFF907JBE/@@download/ENCFF907JBE.bam	bam	0.0	bam	0.0	ENCODE Processing Pipeline	ENCODE Processing Pipeline	0.0	0.0	0.0	0.0	0.0	0.0	0.0	0.0	0.0	0.0	DNA	0.0	0.0	0.0	0.0	36.0	alignments	0.0	0.0	0.0	0.0	0.0	0.0	ENCODE	ENCODE	0.0	0.0	0.0	0.0	single-ended	single-ended	1780379673	277117434	0.0	0.0	0.0	0.0	1b22fc6193f9d0ed59dc66f6f5ba96a0	49863b2984a4058e38f9dd5cb3abba07	s3://encode-public/2017/09/05/2e900503-57e9-450f-b80d-9cbbe2f45659/ENCFF564HCA.bam	s3://encode-public/2017/04/04/73df0b87-5a58-4306-b5df-98dddeb50ae6/ENCFF907JBE.bam
DNase-seq	ChIP-seq	hg19	0.0	0.0	0.0	0.0	0.0	0.0	0.0	0.0	1	1	0.0	0.0	0.0	0.0	0.0	0.0	0.0	0.0	Homo sapiens	UBERON:0001159	sigmoid colon	0.0	0.0	0.0	tissue	0.0	0.0	ENCFF983AAB	ENCFF226YFN, ENCFF235IVE, ENCFF653PKW, ENCFF807MUK, ENCFF935UTO	ENCSR276ITP	ENCSR937EVN	2019-11-08	2019-08-01	0.0	H3K27ac-human	released	ENCFF540ZBW	ENCFF191RAO	https://www.encodeproject.org/files/ENCFF540ZBW/@@download/ENCFF540ZBW.bam	https://www.encodeproject.org/files/ENCFF191RAO/@@download/ENCFF191RAO.bam	bam	0.0	bam	0.0	ENCODE Processing Pipeline	ENCODE Processing Pipeline	0.0	0.0	0.0	0.0	0.0	0.0	0.0	0.0	0.0	0.0	DNA	0.0	0.0	0.0	0.0	76.0	alignments	0.0	0.0	0.0	0.0	0.0	0.0	ENCODE	ENCODE	0.0	0.0	0.0	0.0	paired-ended	single-ended	3028101049	2756357914	0.0	0.0	0.0	0.0	80de4231b469cbb0d8c982c58458cbc4	4d5f34d45e5bedc5030f5c782463bfaa	s3://encode-public/2019/09/06/6895197a-1cdd-42de-b010-7bf7b4b87b0f/ENCFF540ZBW.bam	s3://encode-public/2019/07/17/70be6f58-73e6-43b0-99f6-f8a494ce28b2/ENCFF191RAO.bam
DNase-seq	ChIP-seq	hg19	0.0	0.0	0.0	0.0	0.0	0.0	0.0	0.0	1	1	0.0	0.0	0.0	0.0	0.0	0.0	0.0	0.0	Homo sapiens	CL:0000047	neural stem progenitor cell	0.0	0.0	0.0	in vitro differentiated cells	0.0	0.0	ENCFF487QRD, ENCFF541CGC	ENCFF314JAW, ENCFF807MUK	ENCSR278FVO	ENCSR799SRL	2013-07-31	2013-07-31	0.0	H3K27ac-human	released	ENCFF991GGR	ENCFF303LNR	https://www.encodeproject.org/files/ENCFF991GGR/@@download/ENCFF991GGR.bam	https://www.encodeproject.org/files/ENCFF303LNR/@@download/ENCFF303LNR.bam	bam	0.0	bam	0.0	ENCODE Processing Pipeline	ENCODE Processing Pipeline	0.0	0.0	0.0	0.0	0.0	0.0	0.0	0.0	0.0	0.0	DNA	0.0	0.0	0.0	0.0	36.0	alignments	0.0	0.0	0.0	0.0	0.0	0.0	Roadmap	Roadmap	0.0	0.0	0.0	0.0	single-ended	single-ended	3654250425	1372650515	0.0	0.0	0.0	0.0	415b15b4b29610f858817232676b3186	f0d31b12427ca8176207eb6de8cd349d	s3://encode-public/2017/10/03/1af1e84e-7d09-40d9-b4de-e08cbb86dbee/ENCFF991GGR.bam	s3://encode-public/2016/12/19/4f367cf2-5840-4149-9053-06df6e9218ff/ENCFF303LNR.bam
DNase-seq	ChIP-seq	hg19	0.0	0.0	0.0	0.0	0.0	0.0	0.0	0.0	1	1	0.0	0.0	0.0	0.0	0.0	0.0	0.0	0.0	Homo sapiens	CL:0000134	mesenchymal stem cell	0.0	0.0	0.0	in vitro differentiated cells	0.0	0.0	ENCFF136KNG, ENCFF349TTK, ENCFF627NIZ	ENCFF807MUK, ENCFF970HHO	ENCSR731QLJ	ENCSR013KEC	2013-07-31	2013-07-31	0.0	H3K27ac-human	released	ENCFF175COB	ENCFF506YDW	https://www.encodeproject.org/files/ENCFF175COB/@@download/ENCFF175COB.bam	https://www.encodeproject.org/files/ENCFF506YDW/@@download/ENCFF506YDW.bam	bam	0.0	bam	0.0	ENCODE Processing Pipeline	ENCODE Processing Pipeline	0.0	0.0	0.0	0.0	0.0	0.0	0.0	0.0	0.0	0.0	DNA	0.0	0.0	0.0	0.0	36.0	alignments	0.0	0.0	0.0	0.0	0.0	0.0	Roadmap	Roadmap	0.0	0.0	0.0	0.0	paired-ended	single-ended	19427757153	2770607496	0.0	0.0	0.0	0.0	c0f3509cc989eca49468d9980460e276	9981d8d9344aad867d146639a126348b	s3://encode-public/2018/05/07/a072bdb1-3b20-4f5e-931c-8f7b9a26173e/ENCFF175COB.bam	s3://encode-public/2016/12/19/9c3d16f0-e86c-490f-a4d8-8abba7f42c99/ENCFF506YDW.bam
DNase-seq	ChIP-seq	hg19	0.0	0.0	0.0	0.0	0.0	0.0	0.0	0.0	1	1	0.0	0.0	0.0	0.0	0.0	0.0	0.0	0.0	Homo sapiens	EFO:0001196	IMR-90	0.0	0.0	0.0	cell line	0.0	0.0	ENCFF101YPZ, ENCFF336RON, ENCFF343VLM, ENCFF875ZKK	ENCFF200XEH, ENCFF419OFF, ENCFF704RXG, ENCFF734UGN, ENCFF807MUK	ENCSR477RTP	ENCSR002YRE	2013-07-31	2013-07-31	0.0	H3K27ac-human	released	ENCFF869SQU	ENCFF843EAG	https://www.encodeproject.org/files/ENCFF869SQU/@@download/ENCFF869SQU.bam	https://www.encodeproject.org/files/ENCFF843EAG/@@download/ENCFF843EAG.bam	bam	0.0	bam	0.0	ENCODE Processing Pipeline	ENCODE Processing Pipeline	0.0	0.0	0.0	0.0	0.0	0.0	0.0	0.0	0.0	0.0	DNA	0.0	0.0	0.0	0.0	36.0	alignments	0.0	0.0	0.0	0.0	0.0	0.0	Roadmap	Roadmap	0.0	0.0	0.0	0.0	single-ended	single-ended	15050448793	1205107632	0.0	0.0	0.0	0.0	33d071576f7d58ad881d357d55a7c010	7ddacca42fe647d9911a7bb6306dfe1a	s3://encode-public/2017/09/27/d49a1559-0fa2-4fb0-b4b8-20b5627beaa2/ENCFF869SQU.bam	s3://encode-public/2016/12/19/3f96590d-8ee3-4d53-b7a7-fa867b915e3a/ENCFF843EAG.bam
DNase-seq	ChIP-seq	hg19	0.0	0.0	0.0	0.0	0.0	0.0	0.0	0.0	1	1	0.0	0.0	0.0	0.0	0.0	0.0	0.0	0.0	Homo sapiens	CL:0000351	trophoblast cell	0.0	0.0	0.0	in vitro differentiated cells	0.0	0.0	ENCFF829GME, ENCFF960YRR	ENCFF710QVF, ENCFF807MUK	ENCSR179CDH	ENCSR425PQI	2013-07-31	2013-07-31	0.0	H3K27ac-human	released	ENCFF391ZRU	ENCFF794OWI	https://www.encodeproject.org/files/ENCFF391ZRU/@@download/ENCFF391ZRU.bam	https://www.encodeproject.org/files/ENCFF794OWI/@@download/ENCFF794OWI.bam	bam	0.0	bam	0.0	ENCODE Processing Pipeline	ENCODE Processing Pipeline	0.0	0.0	0.0	0.0	0.0	0.0	0.0	0.0	0.0	0.0	DNA	0.0	0.0	0.0	0.0	36.0	alignments	0.0	0.0	0.0	0.0	0.0	0.0	Roadmap	Roadmap	0.0	0.0	0.0	0.0	single-ended	single-ended	9535023028	504517297	0.0	0.0	0.0	0.0	516cd168cc1954d4af13a25482c87058	62034876940151bdf3f1bbefd098498d	s3://encode-public/2017/09/19/7cb5d5db-a425-4814-88d7-3c3d219b35cf/ENCFF391ZRU.bam	s3://encode-public/2016/12/19/593fd166-61b1-4101-836e-c00d9a807ba3/ENCFF794OWI.bam
DNase-seq	ChIP-seq	hg19	0.0	0.0	0.0	0.0	0.0	0.0	0.0	0.0	2	1	0.0	0.0	0.0	0.0	0.0	0.0	0.0	0.0	Homo sapiens	CL:0000223	endodermal cell	0.0	0.0	0.0	in vitro differentiated cells	0.0	0.0	ENCFF066OAF	ENCFF622OAL, ENCFF807MUK, ENCFF878IZP	ENCSR166KPV	ENCSR200ETW	2017-12-13	2013-07-31	0.0	H3K27ac-human	released	ENCFF457XBM	ENCFF986MXJ	https://www.encodeproject.org/files/ENCFF457XBM/@@download/ENCFF457XBM.bam	https://www.encodeproject.org/files/ENCFF986MXJ/@@download/ENCFF986MXJ.bam	bam	0.0	bam	0.0	ENCODE Processing Pipeline	ENCODE Processing Pipeline	0.0	0.0	0.0	0.0	0.0	0.0	0.0	0.0	0.0	0.0	DNA	0.0	0.0	0.0	0.0	36.0	alignments	0.0	0.0	0.0	0.0	0.0	0.0	ENCODE	Roadmap	0.0	0.0	0.0	0.0	paired-ended	single-ended	13990451917	929314604	0.0	0.0	0.0	0.0	58aeda1aa50919d82822d0d6933acca4	b9b8c892d4bd328684d4a7df2672e892	s3://encode-public/2017/12/05/66fe21a2-a7d2-4cfb-b32b-451b990d9d0a/ENCFF457XBM.bam	s3://encode-public/2016/12/19/6473affb-61f8-41b5-96ee-a9b5438542d4/ENCFF986MXJ.bam
DNase-seq	ChIP-seq	hg19	0.0	0.0	0.0	0.0	0.0	0.0	0.0	0.0	1	1	0.0	0.0	0.0	0.0	0.0	0.0	0.0	0.0	Homo sapiens	CL:0000223	endodermal cell	0.0	0.0	0.0	in vitro differentiated cells	0.0	0.0	ENCFF106NQV	ENCFF622OAL, ENCFF807MUK, ENCFF878IZP	ENCSR166KPV	ENCSR200ETW	2017-12-13	2013-07-31	0.0	H3K27ac-human	released	ENCFF598MTS	ENCFF986MXJ	https://www.encodeproject.org/files/ENCFF598MTS/@@download/ENCFF598MTS.bam	https://www.encodeproject.org/files/ENCFF986MXJ/@@download/ENCFF986MXJ.bam	bam	0.0	bam	0.0	ENCODE Processing Pipeline	ENCODE Processing Pipeline	0.0	0.0	0.0	0.0	0.0	0.0	0.0	0.0	0.0	0.0	DNA	0.0	0.0	0.0	0.0	36.0	alignments	0.0	0.0	0.0	0.0	0.0	0.0	ENCODE	Roadmap	0.0	0.0	0.0	0.0	paired-ended	single-ended	8067573013	929314604	0.0	0.0	0.0	0.0	f7cd9f5580564994b4337caf1b83c3c0	b9b8c892d4bd328684d4a7df2672e892	s3://encode-public/2017/12/05/2d071817-efb8-413e-899a-49fda0d0e73c/ENCFF598MTS.bam	s3://encode-public/2016/12/19/6473affb-61f8-41b5-96ee-a9b5438542d4/ENCFF986MXJ.bam
DNase-seq	ChIP-seq	hg19	0.0	0.0	0.0	0.0	0.0	0.0	0.0	0.0	1	1	0.0	0.0	0.0	0.0	0.0	0.0	0.0	0.0	Homo sapiens	EFO:0002824	HCT116	0.0	0.0	0.0	cell line	0.0	0.0	ENCFF936ECB	ENCFF000VCQ, ENCFF807MUK	ENCSR000ENM	ENCSR000EUT	2010-12-16	2012-06-15	0.0	H3K27ac-human	released	ENCFF291HHS	ENCFF009QKI	https://www.encodeproject.org/files/ENCFF291HHS/@@download/ENCFF291HHS.bam	https://www.encodeproject.org/files/ENCFF009QKI/@@download/ENCFF009QKI.bam	bam	0.0	bam	0.0	ENCODE Processing Pipeline	ENCODE Processing Pipeline	0.0	0.0	0.0	0.0	0.0	0.0	0.0	0.0	0.0	0.0	DNA	0.0	0.0	0.0	0.0	36.0	alignments	0.0	0.0	0.0	0.0	0.0	0.0	ENCODE	ENCODE	0.0	0.0	0.0	0.0	single-ended	single-ended	1287685513	423168154	0.0	0.0	0.0	0.0	df3d6b9065c40b7538d1ed43ff977902	50bbba162cd9f12a33d2a02b0f6779a7	s3://encode-public/2017/09/05/cf042025-b443-4710-ae95-c560cb30b35e/ENCFF291HHS.bam	s3://encode-public/2017/04/10/0ee75981-5c72-44e7-bba3-e0369381d14b/ENCFF009QKI.bam
DNase-seq	ChIP-seq	hg19	0.0	0.0	0.0	0.0	0.0	0.0	0.0	0.0	2	1	0.0	0.0	0.0	0.0	0.0	0.0	0.0	0.0	Homo sapiens	EFO:0002824	HCT116	0.0	0.0	0.0	cell line	0.0	0.0	ENCFF909AVK	ENCFF000VCQ, ENCFF807MUK	ENCSR000ENM	ENCSR000EUT	2010-12-16	2012-06-15	0.0	H3K27ac-human	released	ENCFF081DDV	ENCFF009QKI	https://www.encodeproject.org/files/ENCFF081DDV/@@download/ENCFF081DDV.bam	https://www.encodeproject.org/files/ENCFF009QKI/@@download/ENCFF009QKI.bam	bam	0.0	bam	0.0	ENCODE Processing Pipeline	ENCODE Processing Pipeline	0.0	0.0	0.0	0.0	0.0	0.0	0.0	0.0	0.0	0.0	DNA	0.0	0.0	0.0	0.0	36.0	alignments	0.0	0.0	0.0	0.0	0.0	0.0	ENCODE	ENCODE	0.0	0.0	0.0	0.0	single-ended	single-ended	1479546940	423168154	0.0	0.0	0.0	0.0	11a02d0dc80986ecef70c2c2b0eb1bda	50bbba162cd9f12a33d2a02b0f6779a7	s3://encode-public/2017/09/05/8c0ccf47-85d5-43dc-98d3-2b908830e965/ENCFF081DDV.bam	s3://encode-public/2017/04/10/0ee75981-5c72-44e7-bba3-e0369381d14b/ENCFF009QKI.bam
DNase-seq	ChIP-seq	hg19	0.0	0.0	0.0	0.0	0.0	0.0	0.0	0.0	1	2	0.0	0.0	0.0	0.0	0.0	0.0	0.0	0.0	Homo sapiens	EFO:0003042	H1	0.0	0.0	0.0	cell line	0.0	0.0	ENCFF450BWK	ENCFF000AWV, ENCFF807MUK	ENCSR000EMU	ENCSR000ANP	2010-12-16	2011-02-10	0.0	H3K27ac-human	released	ENCFF923SKV	ENCFF948TVI	https://www.encodeproject.org/files/ENCFF923SKV/@@download/ENCFF923SKV.bam	https://www.encodeproject.org/files/ENCFF948TVI/@@download/ENCFF948TVI.bam	bam	0.0	bam	0.0	ENCODE Processing Pipeline	ENCODE Processing Pipeline	0.0	0.0	0.0	0.0	0.0	0.0	0.0	0.0	0.0	0.0	DNA	0.0	0.0	0.0	0.0	36.0	alignments	0.0	0.0	0.0	0.0	0.0	0.0	ENCODE	ENCODE	0.0	0.0	0.0	0.0	single-ended	single-ended	1114385715	591794270	0.0	0.0	0.0	0.0	2477c37d67dff2e6d378cb141c0324d9	41b2a377516bd654877e65c219acf178	s3://encode-public/2017/09/05/a175cbcb-d56b-410f-8be8-a3fd257a9a40/ENCFF923SKV.bam	s3://encode-public/2016/11/13/d00277b7-7658-43fc-8915-4da8b9c35a41/ENCFF948TVI.bam
DNase-seq	ChIP-seq	hg19	0.0	0.0	0.0	0.0	0.0	0.0	0.0	0.0	1	1	0.0	0.0	0.0	0.0	0.0	0.0	0.0	0.0	Homo sapiens	UBERON:0000059	large intestine	0.0	0.0	0.0	tissue	0.0	0.0	ENCFF177WTL	ENCFF489OZL, ENCFF807MUK, ENCFF836QYL	ENCSR857AEB	ENCSR659RHV	2013-07-31	2013-07-31	0.0	H3K27ac-human	released	ENCFF583XPL	ENCFF805JFJ	https://www.encodeproject.org/files/ENCFF583XPL/@@download/ENCFF583XPL.bam	https://www.encodeproject.org/files/ENCFF805JFJ/@@download/ENCFF805JFJ.bam	bam	0.0	bam	0.0	ENCODE Processing Pipeline	ENCODE Processing Pipeline	0.0	0.0	0.0	0.0	0.0	0.0	0.0	0.0	0.0	0.0	DNA	0.0	0.0	0.0	0.0	36.0	alignments	0.0	0.0	0.0	0.0	0.0	0.0	Roadmap	Roadmap	0.0	0.0	0.0	0.0	single-ended	single-ended	18130056361	1166146187	0.0	0.0	0.0	0.0	e1784229e3cb6e6499bb39c952c8bf02	2a5c30fda110c962af1af286a36e235e	s3://encode-public/2017/09/20/6024ad7d-0fd5-4f8f-9db0-e2392acae687/ENCFF583XPL.bam	s3://encode-public/2016/12/19/da564ce1-d6f7-4799-b8cc-eed185cc9495/ENCFF805JFJ.bam
DNase-seq	ChIP-seq	hg19	0.0	0.0	0.0	0.0	0.0	0.0	0.0	0.0	1	1	0.0	0.0	0.0	0.0	0.0	0.0	0.0	0.0	Homo sapiens	UBERON:0002370	thymus	0.0	0.0	0.0	tissue	0.0	0.0	ENCFF567WJJ	ENCFF427ZIM, ENCFF445EHN, ENCFF807MUK	ENCSR962EAP	ENCSR776KLS	2013-07-31	2013-07-31	0.0	H3K27ac-human	released	ENCFF224XWI	ENCFF809UKI	https://www.encodeproject.org/files/ENCFF224XWI/@@download/ENCFF224XWI.bam	https://www.encodeproject.org/files/ENCFF809UKI/@@download/ENCFF809UKI.bam	bam	0.0	bam	0.0	ENCODE Processing Pipeline	ENCODE Processing Pipeline	0.0	0.0	0.0	0.0	0.0	0.0	0.0	0.0	0.0	0.0	DNA	0.0	0.0	0.0	0.0	36.0	alignments	0.0	0.0	0.0	0.0	0.0	0.0	Roadmap	Roadmap	0.0	0.0	0.0	0.0	single-ended	single-ended	2278407252	1714137307	0.0	0.0	0.0	0.0	f53f4a5ed9e16fb3fa0b604663495f0a	e15ac4c0677f521bb7a71edf206787d6	s3://encode-public/2017/09/19/cb9ee8d3-1657-49b7-a6a1-1af053ea427a/ENCFF224XWI.bam	s3://encode-public/2016/12/19/d869c7c3-6ca7-4ea3-ab78-f8fa64c691cc/ENCFF809UKI.bam
DNase-seq	ChIP-seq	hg19	0.0	0.0	0.0	0.0	0.0	0.0	0.0	0.0	1	2	0.0	0.0	0.0	0.0	0.0	0.0	0.0	0.0	Homo sapiens	CL:0000062	osteoblast	0.0	0.0	0.0	primary cell	0.0	0.0	ENCFF266HWZ, ENCFF525DSP, ENCFF951YBC	ENCFF000CVU, ENCFF807MUK	ENCSR000ELJ	ENCSR000APH	2011-04-19	2011-02-10	0.0	H3K27ac-human	released	ENCFF933ZOD	ENCFF767YLX	https://www.encodeproject.org/files/ENCFF933ZOD/@@download/ENCFF933ZOD.bam	https://www.encodeproject.org/files/ENCFF767YLX/@@download/ENCFF767YLX.bam	bam	0.0	bam	0.0	ENCODE Processing Pipeline	ENCODE Processing Pipeline	0.0	0.0	0.0	0.0	0.0	0.0	0.0	0.0	0.0	0.0	DNA	0.0	0.0	0.0	0.0	36.0	alignments	0.0	0.0	0.0	0.0	0.0	0.0	ENCODE	ENCODE	0.0	0.0	0.0	0.0	single-ended	single-ended	4996998317	1413016909	0.0	0.0	0.0	0.0	9e35adf7d9a16e299a0ccba0de6377ca	e48058f7f9980e2b05ff7aa7b577a7f9	s3://encode-public/2017/10/06/228e856d-7d71-4b9d-abcc-1f7638ecea81/ENCFF933ZOD.bam	s3://encode-public/2017/04/04/bed0e3d2-37fa-429c-84ee-884dfb10a211/ENCFF767YLX.bam
DNase-seq	ChIP-seq	hg19	0.0	0.0	0.0	0.0	0.0	0.0	0.0	0.0	1	2	0.0	0.0	0.0	0.0	0.0	0.0	0.0	0.0	Homo sapiens	EFO:0005719	Karpas-422	0.0	0.0	0.0	cell line	0.0	0.0	ENCFF889ZST	ENCFF033EKA, ENCFF807MUK	ENCSR019JDO	ENCSR660IQS	2015-11-05	2014-07-11	0.0	H3K27ac-human	released	ENCFF409IVR	ENCFF671FAG	https://www.encodeproject.org/files/ENCFF409IVR/@@download/ENCFF409IVR.bam	https://www.encodeproject.org/files/ENCFF671FAG/@@download/ENCFF671FAG.bam	bam	0.0	bam	0.0	ENCODE Processing Pipeline	ENCODE Processing Pipeline	0.0	0.0	0.0	0.0	0.0	0.0	0.0	0.0	0.0	0.0	DNA	0.0	0.0	0.0	0.0	36.0	alignments	0.0	0.0	0.0	0.0	0.0	0.0	ENCODE	ENCODE	0.0	0.0	0.0	0.0	paired-ended	single-ended	16957716293	806612283	0.0	0.0	0.0	0.0	4e4ba514da71eb36b7fb83ce11c52305	ef0c6a52b220ac1d5181b4efd5be7958	s3://encode-public/2017/09/19/382bc0cd-29e8-41b2-a090-f22feaebdbc9/ENCFF409IVR.bam	s3://encode-public/2016/11/15/572123cb-98c6-4561-aa46-1caee5217a12/ENCFF671FAG.bam
DNase-seq	ChIP-seq	hg19	0.0	0.0	0.0	0.0	0.0	0.0	0.0	0.0	1	1	0.0	0.0	0.0	0.0	0.0	0.0	0.0	0.0	Homo sapiens	UBERON:0001774	muscle of trunk	0.0	0.0	0.0	tissue	0.0	0.0	ENCFF296DOX	ENCFF125KNQ, ENCFF394NCY, ENCFF807MUK	ENCSR440FZS	ENCSR775FTU	2013-07-31	2013-07-31	0.0	H3K27ac-human	released	ENCFF863QYT	ENCFF994MOQ	https://www.encodeproject.org/files/ENCFF863QYT/@@download/ENCFF863QYT.bam	https://www.encodeproject.org/files/ENCFF994MOQ/@@download/ENCFF994MOQ.bam	bam	0.0	bam	0.0	ENCODE Processing Pipeline	ENCODE Processing Pipeline	0.0	0.0	0.0	0.0	0.0	0.0	0.0	0.0	0.0	0.0	DNA	0.0	0.0	0.0	0.0	36.0	alignments	0.0	0.0	0.0	0.0	0.0	0.0	Roadmap	Roadmap	0.0	0.0	0.0	0.0	single-ended	single-ended	16560690106	705515748	0.0	0.0	0.0	0.0	528b39568a25eb31d5f3410b13abbca1	501acd5891b317fa7a2caec7360dbf54	s3://encode-public/2017/09/20/78d46b71-d1d0-4f0b-92bd-b7122848cd16/ENCFF863QYT.bam	s3://encode-public/2016/12/19/560fc9df-eb53-4882-9977-5d7bf9d674ff/ENCFF994MOQ.bam
DNase-seq	ChIP-seq	hg19	0.0	0.0	0.0	0.0	0.0	0.0	0.0	0.0	1	1	0.0	0.0	0.0	0.0	0.0	0.0	0.0	0.0	Homo sapiens	CL:0000624	CD4-positive, alpha-beta T cell	0.0	0.0	0.0	primary cell	0.0	0.0	ENCFF951RNB	ENCFF017MGJ, ENCFF416ZFL, ENCFF807MUK	ENCSR643GHI	ENCSR561KOM	2013-07-31	2013-07-31	0.0	H3K27ac-human	released	ENCFF938VVP	ENCFF063OFD	https://www.encodeproject.org/files/ENCFF938VVP/@@download/ENCFF938VVP.bam	https://www.encodeproject.org/files/ENCFF063OFD/@@download/ENCFF063OFD.bam	bam	0.0	bam	0.0	ENCODE Processing Pipeline	ENCODE Processing Pipeline	0.0	0.0	0.0	0.0	0.0	0.0	0.0	0.0	0.0	0.0	DNA	0.0	0.0	0.0	0.0	36.0	alignments	0.0	0.0	0.0	0.0	0.0	0.0	Roadmap	Roadmap	0.0	0.0	0.0	0.0	single-ended	single-ended	1342321450	1222040063	0.0	0.0	0.0	0.0	3d77407e948f50e02c93947233872ea4	25ba82efe833f579f967556ae97c4934	s3://encode-public/2017/09/19/036afee8-3153-4e72-9fdd-f4eaef97e238/ENCFF938VVP.bam	s3://encode-public/2016/12/19/43fa9c5f-096c-405e-bf1b-5078b2e8767a/ENCFF063OFD.bam
DNase-seq	ChIP-seq	hg19	0.0	0.0	0.0	0.0	0.0	0.0	0.0	0.0	1	2	0.0	0.0	0.0	0.0	0.0	0.0	0.0	0.0	Homo sapiens	CL:0000127	astrocyte	0.0	0.0	0.0	primary cell	0.0	0.0	ENCFF252GUK	ENCFF000CHH, ENCFF807MUK	ENCSR000EPM	ENCSR000AOQ	2010-12-16	2011-02-10	0.0	H3K27ac-human	released	ENCFF540LTJ	ENCFF384LZD	https://www.encodeproject.org/files/ENCFF540LTJ/@@download/ENCFF540LTJ.bam	https://www.encodeproject.org/files/ENCFF384LZD/@@download/ENCFF384LZD.bam	bam	0.0	bam	0.0	ENCODE Processing Pipeline	ENCODE Processing Pipeline	0.0	0.0	0.0	0.0	0.0	0.0	0.0	0.0	0.0	0.0	DNA	0.0	0.0	0.0	0.0	36.0	alignments	0.0	0.0	0.0	0.0	0.0	0.0	ENCODE	ENCODE	0.0	0.0	0.0	0.0	single-ended	single-ended	8981386692	402672853	0.0	0.0	0.0	0.0	ad6bd8433cc7aa97e64b52acb36597fd	c4b0c08470f742dbf3108c4b772094f8	s3://encode-public/2017/09/06/47bff012-e58b-4d44-b2a7-d2755d88c555/ENCFF540LTJ.bam	s3://encode-public/2017/04/06/8904be74-4784-4c60-b141-e05fa3d0ed31/ENCFF384LZD.bam
DNase-seq	ChIP-seq	hg19	0.0	0.0	0.0	0.0	0.0	0.0	0.0	0.0	1	1	0.0	0.0	0.0	0.0	0.0	0.0	0.0	0.0	Homo sapiens	UBERON:0001383	muscle of leg	0.0	0.0	0.0	tissue	0.0	0.0	ENCFF866ZDL	ENCFF051WCS, ENCFF661ZQK, ENCFF807MUK	ENCSR167XSQ	ENCSR687ZCM	2013-07-31	2013-07-31	0.0	H3K27ac-human	released	ENCFF794BQM	ENCFF715SUA	https://www.encodeproject.org/files/ENCFF794BQM/@@download/ENCFF794BQM.bam	https://www.encodeproject.org/files/ENCFF715SUA/@@download/ENCFF715SUA.bam	bam	0.0	bam	0.0	ENCODE Processing Pipeline	ENCODE Processing Pipeline	0.0	0.0	0.0	0.0	0.0	0.0	0.0	0.0	0.0	0.0	DNA	0.0	0.0	0.0	0.0	36.0	alignments	0.0	0.0	0.0	0.0	0.0	0.0	Roadmap	Roadmap	0.0	0.0	0.0	0.0	single-ended	single-ended	1710173080	1100429703	0.0	0.0	0.0	0.0	683cee13834efd2db1861dd4f88cbb9e	52a3acb1226b5fbef6cc82a57ac1eca3	s3://encode-public/2017/09/19/ae7ab00e-c757-412f-8c4b-4b7ddc13ec98/ENCFF794BQM.bam	s3://encode-public/2016/12/19/d042ffe7-6189-4de8-a452-0aaef888c7e6/ENCFF715SUA.bam
DNase-seq	ChIP-seq	hg19	0.0	0.0	0.0	0.0	0.0	0.0	0.0	0.0	1	1	0.0	0.0	0.0	0.0	0.0	0.0	0.0	0.0	Homo sapiens	CL:0001054	CD14-positive monocyte	0.0	0.0	0.0	primary cell	0.0	0.0	ENCFF079HLL, ENCFF303BRT	ENCFF000CEN, ENCFF807MUK	ENCSR452DCM	ENCSR000ASJ	2013-07-31	2012-08-06	0.0	H3K27ac-human	released	ENCFF074KIH	ENCFF643HON	https://www.encodeproject.org/files/ENCFF074KIH/@@download/ENCFF074KIH.bam	https://www.encodeproject.org/files/ENCFF643HON/@@download/ENCFF643HON.bam	bam	0.0	bam	0.0	ENCODE Processing Pipeline	ENCODE Processing Pipeline	0.0	0.0	0.0	0.0	0.0	0.0	0.0	0.0	0.0	0.0	DNA	0.0	0.0	0.0	0.0	36.0	alignments	0.0	0.0	0.0	0.0	0.0	0.0	Roadmap	ENCODE	0.0	0.0	0.0	0.0	paired-ended	single-ended	18956562762	903276965	0.0	0.0	0.0	0.0	b284abb15e79c33e93309ba21d474fdf	9b752696d47cf177deb5c4cd3a729f75	s3://encode-public/2017/12/03/77b27811-e52b-41fc-b78c-b61c424718bf/ENCFF074KIH.bam	s3://encode-public/2017/04/12/19776795-b77e-4cb2-b400-762f78424d00/ENCFF643HON.bam
DNase-seq	ChIP-seq	hg19	0.0	0.0	0.0	0.0	0.0	0.0	0.0	0.0	1	1	0.0	0.0	0.0	0.0	0.0	0.0	0.0	0.0	Homo sapiens	EFO:0002713	Panc1	0.0	0.0	0.0	cell line	0.0	0.0	ENCFF241WRU	ENCFF000VJD, ENCFF807MUK	ENCSR000EPT	ENCSR000EXK	2010-12-16	2011-10-07	0.0	H3K27ac-human	released	ENCFF556JGQ	ENCFF080ODR	https://www.encodeproject.org/files/ENCFF556JGQ/@@download/ENCFF556JGQ.bam	https://www.encodeproject.org/files/ENCFF080ODR/@@download/ENCFF080ODR.bam	bam	0.0	bam	0.0	ENCODE Processing Pipeline	ENCODE Processing Pipeline	0.0	0.0	0.0	0.0	0.0	0.0	0.0	0.0	0.0	0.0	DNA	0.0	0.0	0.0	0.0	36.0	alignments	0.0	0.0	0.0	0.0	0.0	0.0	ENCODE	ENCODE	0.0	0.0	0.0	0.0	single-ended	single-ended	1223287732	1261437894	0.0	0.0	0.0	0.0	75da1d7abd59fec74bc0af8de5ce9071	db80545cfbccf14ac200ea600518bccb	s3://encode-public/2017/09/05/daf7bec3-b2db-47b0-ad11-d58b8ca7beec/ENCFF556JGQ.bam	s3://encode-public/2017/04/04/042dfd29-ff1d-4a66-b787-0ee6e5373616/ENCFF080ODR.bam
DNase-seq	ChIP-seq	hg19	0.0	0.0	0.0	0.0	0.0	0.0	0.0	0.0	1	1	0.0	0.0	0.0	0.0	0.0	0.0	0.0	0.0	Homo sapiens	UBERON:0002048	lung	0.0	0.0	0.0	tissue	0.0	0.0	ENCFF623QAX	ENCFF807MUK, ENCFF991PYU	ENCSR214XJO	ENCSR540ADS	2013-07-31	2013-07-31	0.0	H3K27ac-human	released	ENCFF654DRD	ENCFF885JWN	https://www.encodeproject.org/files/ENCFF654DRD/@@download/ENCFF654DRD.bam	https://www.encodeproject.org/files/ENCFF885JWN/@@download/ENCFF885JWN.bam	bam	0.0	bam	0.0	ENCODE Processing Pipeline	ENCODE Processing Pipeline	0.0	0.0	0.0	0.0	0.0	0.0	0.0	0.0	0.0	0.0	DNA	0.0	0.0	0.0	0.0	36.0	alignments	0.0	0.0	0.0	0.0	0.0	0.0	Roadmap	Roadmap	0.0	0.0	0.0	0.0	single-ended	single-ended	1347466024	1169296637	0.0	0.0	0.0	0.0	3d50836aebcf7428aa0cd5320b266156	2acf41a37634c3d789ed1fcc294ad08d	s3://encode-public/2017/09/19/c5d95a49-e35e-4372-82ea-837c5fe28ea7/ENCFF654DRD.bam	s3://encode-public/2016/12/19/f443b1d4-67c7-473e-88f0-a7679fd17afd/ENCFF885JWN.bam
DNase-seq	ChIP-seq	hg19	0.0	0.0	0.0	0.0	0.0	0.0	0.0	0.0	1	2	0.0	0.0	0.0	0.0	0.0	0.0	0.0	0.0	Homo sapiens	CL:0002618	endothelial cell of umbilical vein	0.0	0.0	0.0	primary cell	0.0	0.0	ENCFF595OJI	ENCFF000BSD, ENCFF807MUK	ENCSR000EOQ	ENCSR000ALB	2011-05-04	2011-02-10	0.0	H3K27ac-human	released	ENCFF818BFC	ENCFF757GIT	https://www.encodeproject.org/files/ENCFF818BFC/@@download/ENCFF818BFC.bam	https://www.encodeproject.org/files/ENCFF757GIT/@@download/ENCFF757GIT.bam	bam	0.0	bam	0.0	ENCODE Processing Pipeline	ENCODE Processing Pipeline	0.0	0.0	0.0	0.0	0.0	0.0	0.0	0.0	0.0	0.0	DNA	0.0	0.0	0.0	0.0	36.0	alignments	0.0	0.0	0.0	0.0	0.0	0.0	ENCODE	ENCODE	0.0	0.0	0.0	0.0	single-ended	single-ended	20504884266	421349945	0.0	0.0	0.0	0.0	d1847312b05016dd99caca26f26a11c1	b0d85f884f09364a686215f5ff03f1b0	s3://encode-public/2018/05/07/5f061f19-4aba-40df-89b1-687e7676b7b3/ENCFF818BFC.bam	s3://encode-public/2017/04/04/564da604-089b-44ad-85fc-3a16b4bb6b4d/ENCFF757GIT.bam
DNase-seq	ChIP-seq	hg19	0.0	0.0	0.0	0.0	0.0	0.0	0.0	0.0	1	2	0.0	0.0	0.0	0.0	0.0	0.0	0.0	0.0	Homo sapiens	CL:0001059	common myeloid progenitor, CD34-positive	0.0	0.0	0.0	primary cell	0.0	0.0	ENCFF301QHE	ENCFF730JFU, ENCFF790KKL, ENCFF807MUK, ENCFF931MHO	ENCSR281HBB	ENCSR891KSP	2013-07-31	2013-07-31	0.0	H3K27ac-human	released	ENCFF549MOI	ENCFF982BOE	https://www.encodeproject.org/files/ENCFF549MOI/@@download/ENCFF549MOI.bam	https://www.encodeproject.org/files/ENCFF982BOE/@@download/ENCFF982BOE.bam	bam	0.0	bam	0.0	ENCODE Processing Pipeline	ENCODE Processing Pipeline	0.0	0.0	0.0	0.0	0.0	0.0	0.0	0.0	0.0	0.0	DNA	0.0	0.0	0.0	0.0	36.0	alignments	0.0	0.0	0.0	0.0	0.0	0.0	Roadmap	Roadmap	0.0	0.0	0.0	0.0	single-ended	single-ended	1688237641	274959563	0.0	0.0	0.0	0.0	940e0d8ad5a6da6a0ea58e190f7512f5	f6371f2e181315308da122f39a664c61	s3://encode-public/2017/09/19/8954ff7c-4aec-4bf8-bbb7-f9079eb7b09f/ENCFF549MOI.bam	s3://encode-public/2016/12/19/aad6f544-f810-4c79-bdf2-3c71088084ca/ENCFF982BOE.bam
DNase-seq	ChIP-seq	hg19	0.0	0.0	0.0	0.0	0.0	0.0	0.0	0.0	1	1	0.0	0.0	0.0	0.0	0.0	0.0	0.0	0.0	Homo sapiens	CL:0002327	mammary epithelial cell	0.0	0.0	0.0	primary cell	0.0	0.0	ENCFF171WKG	ENCFF000BIL, ENCFF807MUK	ENCSR000ENV	ENCSR000ALW	2010-12-16	2011-02-10	0.0	H3K27ac-human	released	ENCFF603EHL	ENCFF674SDM	https://www.encodeproject.org/files/ENCFF603EHL/@@download/ENCFF603EHL.bam	https://www.encodeproject.org/files/ENCFF674SDM/@@download/ENCFF674SDM.bam	bam	0.0	bam	0.0	ENCODE Processing Pipeline	ENCODE Processing Pipeline	0.0	0.0	0.0	0.0	0.0	0.0	0.0	0.0	0.0	0.0	DNA	0.0	0.0	0.0	0.0	36.0	alignments	0.0	0.0	0.0	0.0	0.0	0.0	ENCODE	ENCODE	0.0	0.0	0.0	0.0	single-ended	single-ended	1939036304	394994910	0.0	0.0	0.0	0.0	1d3d113290c58e2776c9e44c5574ff95	5baa44228a2b600a4330d912ddeaaa98	s3://encode-public/2017/09/06/c92dcb8f-402a-4a63-aa12-334db4b2386e/ENCFF603EHL.bam	s3://encode-public/2017/04/06/1649c01c-0a37-4c04-aeb4-0d086e41ff38/ENCFF674SDM.bam
DNase-seq	ChIP-seq	hg19	0.0	0.0	0.0	0.0	0.0	0.0	0.0	0.0	1	1	0.0	0.0	0.0	0.0	0.0	0.0	0.0	0.0	Homo sapiens	UBERON:0000992	ovary	0.0	0.0	0.0	tissue	0.0	0.0	ENCFF472FUV	ENCFF503FJZ, ENCFF807MUK	ENCSR712PYJ	ENCSR268JQE	2013-07-31	2013-07-31	0.0	H3K27ac-human	released	ENCFF137NDD	ENCFF052RXC	https://www.encodeproject.org/files/ENCFF137NDD/@@download/ENCFF137NDD.bam	https://www.encodeproject.org/files/ENCFF052RXC/@@download/ENCFF052RXC.bam	bam	0.0	bam	0.0	ENCODE Processing Pipeline	ENCODE Processing Pipeline	0.0	0.0	0.0	0.0	0.0	0.0	0.0	0.0	0.0	0.0	DNA	0.0	0.0	0.0	0.0	36.0	alignments	0.0	0.0	0.0	0.0	0.0	0.0	Roadmap	Roadmap	0.0	0.0	0.0	0.0	single-ended	single-ended	2342757523	650881424	0.0	0.0	0.0	0.0	46fc681b4d7d72e11135f218dcb173dd	03890fc614dae86f7a1a9459a4edea1c	s3://encode-public/2017/09/19/815994a8-490d-4254-80f9-d32efadf2cc5/ENCFF137NDD.bam	s3://encode-public/2017/04/15/b40253f0-2a95-4a16-97ba-b10aff804019/ENCFF052RXC.bam
DNase-seq	ChIP-seq	hg19	0.0	0.0	0.0	0.0	0.0	0.0	0.0	0.0	1	1	0.0	0.0	0.0	0.0	0.0	0.0	0.0	0.0	Homo sapiens	CL:0000084	T-cell	0.0	0.0	0.0	primary cell	0.0	0.0	ENCFF530ORM	ENCFF011CJP, ENCFF602PKX, ENCFF807MUK	ENCSR628IRM	ENCSR222QLW	2013-07-31	2013-07-31	0.0	H3K27ac-human	released	ENCFF801XJB	ENCFF470HNQ	https://www.encodeproject.org/files/ENCFF801XJB/@@download/ENCFF801XJB.bam	https://www.encodeproject.org/files/ENCFF470HNQ/@@download/ENCFF470HNQ.bam	bam	0.0	bam	0.0	ENCODE Processing Pipeline	ENCODE Processing Pipeline	0.0	0.0	0.0	0.0	0.0	0.0	0.0	0.0	0.0	0.0	DNA	0.0	0.0	0.0	0.0	36.0	alignments	0.0	0.0	0.0	0.0	0.0	0.0	Roadmap	Roadmap	0.0	0.0	0.0	0.0	single-ended	single-ended	15881549908	1306550579	0.0	0.0	0.0	0.0	965077257cdf933427d9c243ab71635c	572764b5d2ba9441a42ff57298e21de5	s3://encode-public/2017/09/20/e7b3adb0-8f10-4c47-a02c-02684fa6f5cb/ENCFF801XJB.bam	s3://encode-public/2016/12/19/2bc84b68-d34e-42a7-8282-c5705d6e9a87/ENCFF470HNQ.bam
DNase-seq	ChIP-seq	hg19	0.0	0.0	0.0	0.0	0.0	0.0	0.0	0.0	1	1	0.0	0.0	0.0	0.0	0.0	0.0	0.0	0.0	Homo sapiens	CL:0002553	fibroblast of lung	0.0	0.0	0.0	primary cell	0.0	0.0	ENCFF493ENJ	ENCFF000CRV, ENCFF807MUK	ENCSR000EPR	ENCSR000AMR	2010-12-16	2011-02-10	0.0	H3K27ac-human	released	ENCFF312WPD	ENCFF066AQB	https://www.encodeproject.org/files/ENCFF312WPD/@@download/ENCFF312WPD.bam	https://www.encodeproject.org/files/ENCFF066AQB/@@download/ENCFF066AQB.bam	bam	0.0	bam	0.0	ENCODE Processing Pipeline	ENCODE Processing Pipeline	0.0	0.0	0.0	0.0	0.0	0.0	0.0	0.0	0.0	0.0	DNA	0.0	0.0	0.0	0.0	36.0	alignments	0.0	0.0	0.0	0.0	0.0	0.0	ENCODE	ENCODE	0.0	0.0	0.0	0.0	single-ended	single-ended	13512523802	261858946	0.0	0.0	0.0	0.0	3aedfdcb1948f33b812f311c36739e3a	f3660a76a8ffa2913649af4ec88371cb	s3://encode-public/2018/05/07/07f56888-9423-4d56-b1e4-3dbc5c5b8ce7/ENCFF312WPD.bam	s3://encode-public/2017/10/26/52cc87bc-3085-4563-8160-ad4a93dff3c2/ENCFF066AQB.bam
DNase-seq	ChIP-seq	hg19	0.0	0.0	0.0	0.0	0.0	0.0	0.0	0.0	1	1	0.0	0.0	0.0	0.0	0.0	0.0	0.0	0.0	Homo sapiens	UBERON:0001264	pancreas	0.0	0.0	0.0	tissue	0.0	0.0	ENCFF403QNH	ENCFF546HNU, ENCFF807MUK	ENCSR178JBL	ENCSR612BWE	2013-07-31	2013-07-31	0.0	H3K27ac-human	released	ENCFF493ONN	ENCFF025PCK	https://www.encodeproject.org/files/ENCFF493ONN/@@download/ENCFF493ONN.bam	https://www.encodeproject.org/files/ENCFF025PCK/@@download/ENCFF025PCK.bam	bam	0.0	bam	0.0	ENCODE Processing Pipeline	ENCODE Processing Pipeline	0.0	0.0	0.0	0.0	0.0	0.0	0.0	0.0	0.0	0.0	DNA	0.0	0.0	0.0	0.0	36.0	alignments	0.0	0.0	0.0	0.0	0.0	0.0	Roadmap	Roadmap	0.0	0.0	0.0	0.0	single-ended	single-ended	1919619336	446771242	0.0	0.0	0.0	0.0	f55c06fb514a5ad6f2a9fb05cf376e1d	65b8304e91e6678d23f2e0e1e8710211	s3://encode-public/2017/09/19/ee16af70-f645-4e50-9874-d0a2524b1d46/ENCFF493ONN.bam	s3://encode-public/2017/04/05/fdcdd82d-c212-4eec-af4a-4a74303bd267/ENCFF025PCK.bam
DNase-seq	ChIP-seq	hg19	0.0	0.0	0.0	0.0	0.0	0.0	0.0	0.0	1	1	0.0	0.0	0.0	0.0	0.0	0.0	0.0	0.0	Homo sapiens	CL:0000625	CD8-positive, alpha-beta T cell	0.0	0.0	0.0	primary cell	0.0	0.0	ENCFF369GJX	ENCFF807MUK, ENCFF915ZPV, ENCFF941MDI	ENCSR609DDQ	ENCSR007HLH	2013-07-31	2013-07-31	0.0	H3K27ac-human	released	ENCFF736QAD	ENCFF360MOV	https://www.encodeproject.org/files/ENCFF736QAD/@@download/ENCFF736QAD.bam	https://www.encodeproject.org/files/ENCFF360MOV/@@download/ENCFF360MOV.bam	bam	0.0	bam	0.0	ENCODE Processing Pipeline	ENCODE Processing Pipeline	0.0	0.0	0.0	0.0	0.0	0.0	0.0	0.0	0.0	0.0	DNA	0.0	0.0	0.0	0.0	36.0	alignments	0.0	0.0	0.0	0.0	0.0	0.0	Roadmap	Roadmap	0.0	0.0	0.0	0.0	single-ended	single-ended	1198790900	1254906421	0.0	0.0	0.0	0.0	ac1b9ab0d4be936ed798068963e516ec	f38588582e22487cd7d0ae7f98127020	s3://encode-public/2017/09/19/56a64cdd-51e5-40a4-8f76-e4eca47b8f63/ENCFF736QAD.bam	s3://encode-public/2016/12/19/ac38601c-12bd-401c-8f79-cd0a71beba3e/ENCFF360MOV.bam
DNase-seq	ChIP-seq	hg19	0.0	0.0	0.0	0.0	0.0	0.0	0.0	0.0	1	2	0.0	0.0	0.0	0.0	0.0	0.0	0.0	0.0	Homo sapiens	EFO:0007096	iPS DF 19.11	0.0	0.0	0.0	cell line	0.0	0.0	ENCFF793HZT	ENCFF504WFG, ENCFF807MUK	ENCSR383SNM	ENCSR505OPZ	2013-07-31	2013-07-31	0.0	H3K27ac-human	released	ENCFF052FAL	ENCFF849KFW	https://www.encodeproject.org/files/ENCFF052FAL/@@download/ENCFF052FAL.bam	https://www.encodeproject.org/files/ENCFF849KFW/@@download/ENCFF849KFW.bam	bam	0.0	bam	0.0	ENCODE Processing Pipeline	ENCODE Processing Pipeline	0.0	0.0	0.0	0.0	0.0	0.0	0.0	0.0	0.0	0.0	DNA	0.0	0.0	0.0	0.0	36.0	alignments	0.0	0.0	0.0	0.0	0.0	0.0	Roadmap	Roadmap	0.0	0.0	0.0	0.0	single-ended	single-ended	10206671414	2977687267	0.0	0.0	0.0	0.0	f1e90466262cb18c40fa8f0e305430fc	70c7cc7d3cab58acd152ede55d5ad7ca	s3://encode-public/2017/09/19/401564ae-33d9-42fb-90c2-fd59c630d311/ENCFF052FAL.bam	s3://encode-public/2016/12/19/5ad0b2a7-5230-4d57-816b-80a4c29efe4a/ENCFF849KFW.bam
DNase-seq	ChIP-seq	hg19	0.0	0.0	0.0	0.0	0.0	0.0	0.0	0.0	1	2	0.0	0.0	0.0	0.0	0.0	0.0	0.0	0.0	Homo sapiens	CL:0000236	B cell	0.0	0.0	0.0	primary cell	0.0	0.0	ENCFF931KLL	ENCFF000ANV, ENCFF807MUK	ENCSR891VOV	ENCSR000AUP	2013-07-31	2012-08-06	0.0	H3K27ac-human	released	ENCFF469VSO	ENCFF790MCM	https://www.encodeproject.org/files/ENCFF469VSO/@@download/ENCFF469VSO.bam	https://www.encodeproject.org/files/ENCFF790MCM/@@download/ENCFF790MCM.bam	bam	0.0	bam	0.0	ENCODE Processing Pipeline	ENCODE Processing Pipeline	0.0	0.0	0.0	0.0	0.0	0.0	0.0	0.0	0.0	0.0	DNA	0.0	0.0	0.0	0.0	36.0	alignments	0.0	0.0	0.0	0.0	0.0	0.0	Roadmap	ENCODE	0.0	0.0	0.0	0.0	single-ended	single-ended	1077347860	1785011969	0.0	0.0	0.0	0.0	7d041566ad16b692c0b9f6b1e10bc408	f5c2e2347bb8a8ed545b02881fedc3f6	s3://encode-public/2017/09/19/b5001927-f0f4-4c0e-913c-80539858a2fe/ENCFF469VSO.bam	s3://encode-public/2017/04/12/a86c83ba-2102-4d3e-9e8d-0206ff660763/ENCFF790MCM.bam
DNase-seq	ChIP-seq	hg19	0.0	0.0	0.0	0.0	0.0	0.0	0.0	0.0	1	2	0.0	0.0	0.0	0.0	0.0	0.0	0.0	0.0	Homo sapiens	CL:0002551	fibroblast of dermis	0.0	0.0	0.0	primary cell	0.0	0.0	ENCFF119FKG	ENCFF000CKH, ENCFF807MUK	ENCSR000EPO	ENCSR000APN	2010-12-14	2011-02-10	0.0	H3K27ac-human	released	ENCFF625NFJ	ENCFF721HIJ	https://www.encodeproject.org/files/ENCFF625NFJ/@@download/ENCFF625NFJ.bam	https://www.encodeproject.org/files/ENCFF721HIJ/@@download/ENCFF721HIJ.bam	bam	0.0	bam	0.0	ENCODE Processing Pipeline	ENCODE Processing Pipeline	0.0	0.0	0.0	0.0	0.0	0.0	0.0	0.0	0.0	0.0	DNA	0.0	0.0	0.0	0.0	36.0	alignments	0.0	0.0	0.0	0.0	0.0	0.0	ENCODE	ENCODE	0.0	0.0	0.0	0.0	single-ended	single-ended	9303602602	1186942157	0.0	0.0	0.0	0.0	874ac39359ba235f0d264626f0796fa2	8e724c7f9d41af20a077847a2082aa07	s3://encode-public/2017/09/06/ab6b720d-c2b0-424a-8e2f-ff4d935e9efb/ENCFF625NFJ.bam	s3://encode-public/2017/04/04/f762da0d-589b-40c6-8ccd-4cd632d24e57/ENCFF721HIJ.bam
DNase-seq	ChIP-seq	hg19	0.0	0.0	0.0	0.0	0.0	0.0	0.0	0.0	1	1	0.0	0.0	0.0	0.0	0.0	0.0	0.0	0.0	Homo sapiens	UBERON:0002240	spinal cord	0.0	0.0	0.0	tissue	0.0	0.0	ENCFF640BEI	ENCFF183MZS, ENCFF306ZIT, ENCFF807MUK	ENCSR148MFM	ENCSR209QGZ	2013-07-31	2013-07-31	0.0	H3K27ac-human	released	ENCFF553RKG	ENCFF153SMW	https://www.encodeproject.org/files/ENCFF553RKG/@@download/ENCFF553RKG.bam	https://www.encodeproject.org/files/ENCFF153SMW/@@download/ENCFF153SMW.bam	bam	0.0	bam	0.0	ENCODE Processing Pipeline	ENCODE Processing Pipeline	0.0	0.0	0.0	0.0	0.0	0.0	0.0	0.0	0.0	0.0	DNA	0.0	0.0	0.0	0.0	36.0	alignments	0.0	0.0	0.0	0.0	0.0	0.0	Roadmap	Roadmap	0.0	0.0	0.0	0.0	single-ended	single-ended	1854217327	733647906	0.0	0.0	0.0	0.0	3bb5e9f6e9c59799965d43ba09419584	df51c987d189aa8acd5027febe5d9e49	s3://encode-public/2017/09/19/c4098548-d463-441d-8a11-26175bc4236a/ENCFF553RKG.bam	s3://encode-public/2016/12/19/cdec39ee-0687-490d-9362-bfc299e0b9eb/ENCFF153SMW.bam
DNase-seq	ChIP-seq	hg19	0.0	0.0	0.0	0.0	0.0	0.0	0.0	0.0	1	2	0.0	0.0	0.0	0.0	0.0	0.0	0.0	0.0	Homo sapiens	NTR:0000856	mesendoderm	0.0	0.0	0.0	in vitro differentiated cells	0.0	0.0	ENCFF007BWG, ENCFF940VYO	ENCFF296LHG, ENCFF807MUK	ENCSR714DIF	ENCSR473PNT	2013-07-31	2013-07-31	0.0	H3K27ac-human	released	ENCFF610NNF	ENCFF366YNM	https://www.encodeproject.org/files/ENCFF610NNF/@@download/ENCFF610NNF.bam	https://www.encodeproject.org/files/ENCFF366YNM/@@download/ENCFF366YNM.bam	bam	0.0	bam	0.0	ENCODE Processing Pipeline	ENCODE Processing Pipeline	0.0	0.0	0.0	0.0	0.0	0.0	0.0	0.0	0.0	0.0	DNA	0.0	0.0	0.0	0.0	36.0	alignments	0.0	0.0	0.0	0.0	0.0	0.0	Roadmap	Roadmap	0.0	0.0	0.0	0.0	single-ended	single-ended	12849140306	1086306119	0.0	0.0	0.0	0.0	566780734ca69f9a834fe9a818379305	dd331293aeaacb71feac51e8da01a3a4	s3://encode-public/2018/05/07/6a71b3f0-36e3-442c-b77f-105c5ed11bcc/ENCFF610NNF.bam	s3://encode-public/2016/12/19/8c86d704-cf18-440b-820c-ed1075b16298/ENCFF366YNM.bam
DNase-seq	ChIP-seq	hg19	0.0	0.0	0.0	0.0	0.0	0.0	0.0	0.0	1	1	0.0	0.0	0.0	0.0	0.0	0.0	0.0	0.0	Homo sapiens	CL:0000895	naive thymus-derived CD4-positive, alpha-beta T cell	0.0	0.0	0.0	primary cell	0.0	0.0	ENCFF565HOQ	ENCFF023FHK, ENCFF191VZN, ENCFF459SDQ, ENCFF543XTQ, ENCFF807MUK	ENCSR000EML	ENCSR674VPA	2012-07-23	2013-07-31	0.0	H3K27ac-human	released	ENCFF138MTV	ENCFF728UTH	https://www.encodeproject.org/files/ENCFF138MTV/@@download/ENCFF138MTV.bam	https://www.encodeproject.org/files/ENCFF728UTH/@@download/ENCFF728UTH.bam	bam	0.0	bam	0.0	ENCODE Processing Pipeline	ENCODE Processing Pipeline	0.0	0.0	0.0	0.0	0.0	0.0	0.0	0.0	0.0	0.0	DNA	0.0	0.0	0.0	0.0	36.0	alignments	0.0	0.0	0.0	0.0	0.0	0.0	ENCODE	Roadmap	0.0	0.0	0.0	0.0	paired-ended	single-ended	15132738746	941158385	0.0	0.0	0.0	0.0	b3c428aa0c6bc36fcb2d6eac73f2cf30	c8aff686ed7e7295d2a2589164bcd905	s3://encode-public/2017/12/01/bb4849a9-4f11-4f8c-9d69-327c462f006c/ENCFF138MTV.bam	s3://encode-public/2016/12/19/59845c5e-3075-48a4-83d4-e0fbb8b39d57/ENCFF728UTH.bam
DNase-seq	ChIP-seq	hg19	0.0	0.0	0.0	0.0	0.0	0.0	0.0	0.0	1	1	0.0	0.0	0.0	0.0	0.0	0.0	0.0	0.0	Homo sapiens	EFO:0002791	HeLa-S3	0.0	0.0	0.0	cell line	0.0	0.0	ENCFF773CJB	ENCFF000BBY, ENCFF807MUK	ENCSR000ENO	ENCSR000AOC	2010-12-16	2011-02-10	0.0	H3K27ac-human	released	ENCFF783TMX	ENCFF821BHR	https://www.encodeproject.org/files/ENCFF783TMX/@@download/ENCFF783TMX.bam	https://www.encodeproject.org/files/ENCFF821BHR/@@download/ENCFF821BHR.bam	bam	0.0	bam	0.0	ENCODE Processing Pipeline	ENCODE Processing Pipeline	0.0	0.0	0.0	0.0	0.0	0.0	0.0	0.0	0.0	0.0	DNA	0.0	0.0	0.0	0.0	36.0	alignments	0.0	0.0	0.0	0.0	0.0	0.0	ENCODE	ENCODE	0.0	0.0	0.0	0.0	single-ended	single-ended	1632050443	708906197	0.0	0.0	0.0	0.0	749dc84dcad35dfde40177c42c442ac6	d2c131740c67642a40bf9722b16997b6	s3://encode-public/2017/09/05/5356540f-6694-448d-a715-76c19053d165/ENCFF783TMX.bam	s3://encode-public/2017/04/04/ac2a94ae-5158-4d4d-8bfe-0b27b658eba9/ENCFF821BHR.bam
DNase-seq	ChIP-seq	hg19	0.0	0.0	0.0	0.0	0.0	0.0	0.0	0.0	1	1	0.0	0.0	0.0	0.0	0.0	0.0	0.0	0.0	Homo sapiens	CL:0002372	myotube	0.0	0.0	0.0	in vitro differentiated cells	0.0	0.0	ENCFF718SNV	ENCFF000BOT, ENCFF807MUK	ENCSR000EOP	ENCSR000ANV	2011-10-19	2011-02-10	0.0	H3K27ac-human	released	ENCFF535CKI	ENCFF455ITO	https://www.encodeproject.org/files/ENCFF535CKI/@@download/ENCFF535CKI.bam	https://www.encodeproject.org/files/ENCFF455ITO/@@download/ENCFF455ITO.bam	bam	0.0	bam	0.0	ENCODE Processing Pipeline	ENCODE Processing Pipeline	0.0	0.0	0.0	0.0	0.0	0.0	0.0	0.0	0.0	0.0	DNA	0.0	0.0	0.0	0.0	36.0	alignments	0.0	0.0	0.0	0.0	0.0	0.0	ENCODE	ENCODE	0.0	0.0	0.0	0.0	single-ended	single-ended	1384593522	292996619	0.0	0.0	0.0	0.0	d6dc90f66dfcd7e08011ea3f7c76a0fc	6de2b594ec71de5fbfdcbf9716bae5b1	s3://encode-public/2017/09/05/087b7643-3b80-413a-a4ab-57e13e34dc7b/ENCFF535CKI.bam	s3://encode-public/2017/04/04/c83225a1-9ae9-4c02-82dc-6ac875294d2f/ENCFF455ITO.bam
DNase-seq	ChIP-seq	hg19	0.0	0.0	0.0	0.0	0.0	0.0	0.0	0.0	1	1	0.0	0.0	0.0	0.0	0.0	0.0	0.0	0.0	Homo sapiens	CL:0000312	keratinocyte	0.0	0.0	0.0	primary cell	0.0	0.0	ENCFF283NKN	ENCFF000CNN, ENCFF807MUK	ENCSR000EPQ	ENCSR000ALK	2011-05-04	2011-02-10	0.0	H3K27ac-human	released	ENCFF691SIL	ENCFF986JEU	https://www.encodeproject.org/files/ENCFF691SIL/@@download/ENCFF691SIL.bam	https://www.encodeproject.org/files/ENCFF986JEU/@@download/ENCFF986JEU.bam	bam	0.0	bam	0.0	ENCODE Processing Pipeline	ENCODE Processing Pipeline	0.0	0.0	0.0	0.0	0.0	0.0	0.0	0.0	0.0	0.0	DNA	0.0	0.0	0.0	0.0	36.0	alignments	0.0	0.0	0.0	0.0	0.0	0.0	ENCODE	ENCODE	0.0	0.0	0.0	0.0	single-ended	single-ended	1290407032	461809289	0.0	0.0	0.0	0.0	326280c3bc744039fbdad9ad10238628	a5d612a7b8970d4f94193deb2d6916ea	s3://encode-public/2017/09/05/eabae112-ad17-4054-9165-5ab5fe75c346/ENCFF691SIL.bam	s3://encode-public/2017/04/04/d47688ea-f41f-4603-8b9d-39532877ef96/ENCFF986JEU.bam
DNase-seq	ChIP-seq	hg19	0.0	0.0	0.0	0.0	0.0	0.0	0.0	0.0	1	2	0.0	0.0	0.0	0.0	0.0	0.0	0.0	0.0	Homo sapiens	CL:0000047	neural stem progenitor cell	0.0	0.0	0.0	in vitro differentiated cells	0.0	0.0	ENCFF487QRD, ENCFF541CGC	ENCFF277BER, ENCFF807MUK	ENCSR278FVO	ENCSR799SRL	2013-07-31	2013-07-31	0.0	H3K27ac-human	released	ENCFF991GGR	ENCFF840CMQ	https://www.encodeproject.org/files/ENCFF991GGR/@@download/ENCFF991GGR.bam	https://www.encodeproject.org/files/ENCFF840CMQ/@@download/ENCFF840CMQ.bam	bam	0.0	bam	0.0	ENCODE Processing Pipeline	ENCODE Processing Pipeline	0.0	0.0	0.0	0.0	0.0	0.0	0.0	0.0	0.0	0.0	DNA	0.0	0.0	0.0	0.0	36.0	alignments	0.0	0.0	0.0	0.0	0.0	0.0	Roadmap	Roadmap	0.0	0.0	0.0	0.0	single-ended	single-ended	3654250425	1243514693	0.0	0.0	0.0	0.0	415b15b4b29610f858817232676b3186	0020725e255f138aedbb3a258d4b6f01	s3://encode-public/2017/10/03/1af1e84e-7d09-40d9-b4de-e08cbb86dbee/ENCFF991GGR.bam	s3://encode-public/2016/12/19/0597773f-7573-485e-8f02-14ea6e25a4be/ENCFF840CMQ.bam
DNase-seq	ChIP-seq	hg19	0.0	0.0	0.0	0.0	0.0	0.0	0.0	0.0	1	3	0.0	0.0	0.0	0.0	0.0	0.0	0.0	0.0	Homo sapiens	CL:0000047	neural stem progenitor cell	0.0	0.0	0.0	in vitro differentiated cells	0.0	0.0	ENCFF487QRD, ENCFF541CGC	ENCFF279KNT, ENCFF807MUK	ENCSR278FVO	ENCSR799SRL	2013-07-31	2013-07-31	0.0	H3K27ac-human	released	ENCFF991GGR	ENCFF386MOE	https://www.encodeproject.org/files/ENCFF991GGR/@@download/ENCFF991GGR.bam	https://www.encodeproject.org/files/ENCFF386MOE/@@download/ENCFF386MOE.bam	bam	0.0	bam	0.0	ENCODE Processing Pipeline	ENCODE Processing Pipeline	0.0	0.0	0.0	0.0	0.0	0.0	0.0	0.0	0.0	0.0	DNA	0.0	0.0	0.0	0.0	36.0	alignments	0.0	0.0	0.0	0.0	0.0	0.0	Roadmap	Roadmap	0.0	0.0	0.0	0.0	single-ended	single-ended	3654250425	1523598513	0.0	0.0	0.0	0.0	415b15b4b29610f858817232676b3186	55c746ae1fa284d18633bf2bee4bbb89	s3://encode-public/2017/10/03/1af1e84e-7d09-40d9-b4de-e08cbb86dbee/ENCFF991GGR.bam	s3://encode-public/2016/12/19/eeb1dfbb-1bb8-427b-8492-5d86d178af13/ENCFF386MOE.bam
DNase-seq	ChIP-seq	hg19	0.0	0.0	0.0	0.0	0.0	0.0	0.0	0.0	1	2	0.0	0.0	0.0	0.0	0.0	0.0	0.0	0.0	Homo sapiens	CL:0000134	mesenchymal stem cell	0.0	0.0	0.0	in vitro differentiated cells	0.0	0.0	ENCFF136KNG, ENCFF349TTK, ENCFF627NIZ	ENCFF807MUK, ENCFF936KPA	ENCSR731QLJ	ENCSR013KEC	2013-07-31	2013-07-31	0.0	H3K27ac-human	released	ENCFF175COB	ENCFF955GFR	https://www.encodeproject.org/files/ENCFF175COB/@@download/ENCFF175COB.bam	https://www.encodeproject.org/files/ENCFF955GFR/@@download/ENCFF955GFR.bam	bam	0.0	bam	0.0	ENCODE Processing Pipeline	ENCODE Processing Pipeline	0.0	0.0	0.0	0.0	0.0	0.0	0.0	0.0	0.0	0.0	DNA	0.0	0.0	0.0	0.0	36.0	alignments	0.0	0.0	0.0	0.0	0.0	0.0	Roadmap	Roadmap	0.0	0.0	0.0	0.0	paired-ended	single-ended	19427757153	1518462248	0.0	0.0	0.0	0.0	c0f3509cc989eca49468d9980460e276	cdb3d42f467ab0126db7ecb01f2e9eb9	s3://encode-public/2018/05/07/a072bdb1-3b20-4f5e-931c-8f7b9a26173e/ENCFF175COB.bam	s3://encode-public/2016/12/19/75101d9e-ddae-427f-a51a-06469aa3b6c8/ENCFF955GFR.bam
DNase-seq	ChIP-seq	hg19	0.0	0.0	0.0	0.0	0.0	0.0	0.0	0.0	1	2	0.0	0.0	0.0	0.0	0.0	0.0	0.0	0.0	Homo sapiens	EFO:0001196	IMR-90	0.0	0.0	0.0	cell line	0.0	0.0	ENCFF101YPZ, ENCFF336RON, ENCFF343VLM, ENCFF875ZKK	ENCFF437DDC, ENCFF807MUK	ENCSR477RTP	ENCSR002YRE	2013-07-31	2013-07-31	0.0	H3K27ac-human	released	ENCFF869SQU	ENCFF134XAW	https://www.encodeproject.org/files/ENCFF869SQU/@@download/ENCFF869SQU.bam	https://www.encodeproject.org/files/ENCFF134XAW/@@download/ENCFF134XAW.bam	bam	0.0	bam	0.0	ENCODE Processing Pipeline	ENCODE Processing Pipeline	0.0	0.0	0.0	0.0	0.0	0.0	0.0	0.0	0.0	0.0	DNA	0.0	0.0	0.0	0.0	36.0	alignments	0.0	0.0	0.0	0.0	0.0	0.0	Roadmap	Roadmap	0.0	0.0	0.0	0.0	single-ended	single-ended	15050448793	388526052	0.0	0.0	0.0	0.0	33d071576f7d58ad881d357d55a7c010	fb10d8288d93c4510511922c62f08ea8	s3://encode-public/2017/09/27/d49a1559-0fa2-4fb0-b4b8-20b5627beaa2/ENCFF869SQU.bam	s3://encode-public/2016/12/19/09c34458-f26c-4bec-b0a0-e2ba7cf0611a/ENCFF134XAW.bam
DNase-seq	ChIP-seq	hg19	0.0	0.0	0.0	0.0	0.0	0.0	0.0	0.0	1	2	0.0	0.0	0.0	0.0	0.0	0.0	0.0	0.0	Homo sapiens	CL:0000351	trophoblast cell	0.0	0.0	0.0	in vitro differentiated cells	0.0	0.0	ENCFF829GME, ENCFF960YRR	ENCFF613EXZ, ENCFF807MUK	ENCSR179CDH	ENCSR425PQI	2013-07-31	2013-07-31	0.0	H3K27ac-human	released	ENCFF391ZRU	ENCFF039ZOY	https://www.encodeproject.org/files/ENCFF391ZRU/@@download/ENCFF391ZRU.bam	https://www.encodeproject.org/files/ENCFF039ZOY/@@download/ENCFF039ZOY.bam	bam	0.0	bam	0.0	ENCODE Processing Pipeline	ENCODE Processing Pipeline	0.0	0.0	0.0	0.0	0.0	0.0	0.0	0.0	0.0	0.0	DNA	0.0	0.0	0.0	0.0	36.0	alignments	0.0	0.0	0.0	0.0	0.0	0.0	Roadmap	Roadmap	0.0	0.0	0.0	0.0	single-ended	single-ended	9535023028	719231347	0.0	0.0	0.0	0.0	516cd168cc1954d4af13a25482c87058	977565ab38a1973bad0361eb8ba05542	s3://encode-public/2017/09/19/7cb5d5db-a425-4814-88d7-3c3d219b35cf/ENCFF391ZRU.bam	s3://encode-public/2016/12/19/bb23e398-f225-45a6-ac6c-9cfdf87c9aec/ENCFF039ZOY.bam
DNase-seq	ChIP-seq	hg19	0.0	0.0	0.0	0.0	0.0	0.0	0.0	0.0	2	2	0.0	0.0	0.0	0.0	0.0	0.0	0.0	0.0	Homo sapiens	CL:0000223	endodermal cell	0.0	0.0	0.0	in vitro differentiated cells	0.0	0.0	ENCFF066OAF	ENCFF199QKQ, ENCFF441DST, ENCFF807MUK	ENCSR166KPV	ENCSR200ETW	2017-12-13	2013-07-31	0.0	H3K27ac-human	released	ENCFF457XBM	ENCFF232NSN	https://www.encodeproject.org/files/ENCFF457XBM/@@download/ENCFF457XBM.bam	https://www.encodeproject.org/files/ENCFF232NSN/@@download/ENCFF232NSN.bam	bam	0.0	bam	0.0	ENCODE Processing Pipeline	ENCODE Processing Pipeline	0.0	0.0	0.0	0.0	0.0	0.0	0.0	0.0	0.0	0.0	DNA	0.0	0.0	0.0	0.0	36.0	alignments	0.0	0.0	0.0	0.0	0.0	0.0	ENCODE	Roadmap	0.0	0.0	0.0	0.0	paired-ended	single-ended	13990451917	980805018	0.0	0.0	0.0	0.0	58aeda1aa50919d82822d0d6933acca4	ecd3284ab54739aff27ab9db6aca9ec1	s3://encode-public/2017/12/05/66fe21a2-a7d2-4cfb-b32b-451b990d9d0a/ENCFF457XBM.bam	s3://encode-public/2016/12/19/ee0e1cfe-9db0-4774-93f5-bcb50f85cb52/ENCFF232NSN.bam
DNase-seq	ChIP-seq	hg19	0.0	0.0	0.0	0.0	0.0	0.0	0.0	0.0	1	2	0.0	0.0	0.0	0.0	0.0	0.0	0.0	0.0	Homo sapiens	EFO:0002824	HCT116	0.0	0.0	0.0	cell line	0.0	0.0	ENCFF936ECB	ENCFF000VCS, ENCFF807MUK	ENCSR000ENM	ENCSR000EUT	2010-12-16	2012-06-15	0.0	H3K27ac-human	released	ENCFF291HHS	ENCFF246TZC	https://www.encodeproject.org/files/ENCFF291HHS/@@download/ENCFF291HHS.bam	https://www.encodeproject.org/files/ENCFF246TZC/@@download/ENCFF246TZC.bam	bam	0.0	bam	0.0	ENCODE Processing Pipeline	ENCODE Processing Pipeline	0.0	0.0	0.0	0.0	0.0	0.0	0.0	0.0	0.0	0.0	DNA	0.0	0.0	0.0	0.0	36.0	alignments	0.0	0.0	0.0	0.0	0.0	0.0	ENCODE	ENCODE	0.0	0.0	0.0	0.0	single-ended	single-ended	1287685513	709718282	0.0	0.0	0.0	0.0	df3d6b9065c40b7538d1ed43ff977902	801f76b08a58347977ffc92c64d8e48e	s3://encode-public/2017/09/05/cf042025-b443-4710-ae95-c560cb30b35e/ENCFF291HHS.bam	s3://encode-public/2017/04/10/0f2bc6ad-ca9f-47cc-a97a-633e6b7e445b/ENCFF246TZC.bam
DNase-seq	ChIP-seq	hg19	0.0	0.0	0.0	0.0	0.0	0.0	0.0	0.0	1	1	0.0	0.0	0.0	0.0	0.0	0.0	0.0	0.0	Homo sapiens	EFO:0003042	H1	0.0	0.0	0.0	cell line	0.0	0.0	ENCFF450BWK	ENCFF000AWR, ENCFF807MUK	ENCSR000EMU	ENCSR000ANP	2010-12-16	2011-02-10	0.0	H3K27ac-human	released	ENCFF923SKV	ENCFF661NZB	https://www.encodeproject.org/files/ENCFF923SKV/@@download/ENCFF923SKV.bam	https://www.encodeproject.org/files/ENCFF661NZB/@@download/ENCFF661NZB.bam	bam	0.0	bam	0.0	ENCODE Processing Pipeline	ENCODE Processing Pipeline	0.0	0.0	0.0	0.0	0.0	0.0	0.0	0.0	0.0	0.0	DNA	0.0	0.0	0.0	0.0	36.0	alignments	0.0	0.0	0.0	0.0	0.0	0.0	ENCODE	ENCODE	0.0	0.0	0.0	0.0	single-ended	single-ended	1114385715	659647663	0.0	0.0	0.0	0.0	2477c37d67dff2e6d378cb141c0324d9	b49f3b90df7ebf22b6e261853d8cfdf5	s3://encode-public/2017/09/05/a175cbcb-d56b-410f-8be8-a3fd257a9a40/ENCFF923SKV.bam	s3://encode-public/2016/11/13/1f8dac33-4e36-4e4f-b76c-afad77528662/ENCFF661NZB.bam
